cenario,metricas_com_mais_de_uma_classe,metricas_total,tecnicas,classes_diferentes_da_referencia,acerto_storage,acerto_zenotravel,acerto_elevator,spearman_storage,spearman_zenotravel,spearman_elevator
referencia,17,17,11,0,0.5,0.3,0.4,0.81,0.86,0.61
texto-amostral,10,17,11,113,0.5,0.2,0.7,0.81,0.79,0.84
texto-populacional,9,17,11,110,0.4,0.2,0.4,0.81,0.79,0.65
tabela4-sem-G24,17,17,11,0,0.5,0.3,0.4,0.81,0.86,0.61
4d-todas,17,17,18,0,0.1,0.0,0.2,0.78,0.72,0.74
4d-D1,17,17,7,0,0.4,0.3,0.1,0.88,0.87,0.65
4d-D2,17,17,4,0,0.4,0.3,0.2,0.76,0.74,0.67
4d-D3,17,17,5,0,0.3,0.2,0.1,0.58,0.51,0.78
correcoes-G17,17,17,11,6,0.5,0.3,0.4,0.81,0.86,0.61
classes-com-auxiliares,17,17,11,1,0.5,0.3,0.4,0.81,0.86,0.61
linha-de-base,,,,,0.0,0.0,0.1,0.75,0.68,0.65
