caracteristica,menor,maior,diferenca,classe
DIT Máximo Alto,0.0,10.0,10.0,muito relevante
DIT Máximo Baixo,3.0,9.0,6.0,muito relevante
DIT Máximo Médio,4.0,9.0,5.0,pouco relevante
HAgg Máximo Alto,4.0,10.0,6.0,muito relevante
HAgg Máximo Baixo,2.0,9.0,7.0,muito relevante
Número de Atores Alto,4.0,10.0,6.0,muito relevante
Número de Atores Baixo,3.0,9.0,6.0,muito relevante
Número de Casos de Uso Alto,4.0,9.0,5.0,pouco relevante
Número de Casos de Uso Baixo,3.0,8.0,5.0,pouco relevante
Número de Casos de Uso Médio,3.0,10.0,7.0,muito relevante
Número de Casos de Uso por Atores Alto,0.0,10.0,10.0,muito relevante
Número de Casos de Uso por Atores Baixo,0.0,7.0,7.0,muito relevante
Número de Casos de Uso por Atores Médio,4.0,10.0,6.0,muito relevante
Número total de Agregação Alto,6.0,10.0,4.0,pouco relevante
Número total de Agregação Baixo,0.0,10.0,10.0,muito relevante
Número total de Agregação Médio,4.0,9.0,5.0,pouco relevante
Número total de Associações Alto,1.0,6.0,5.0,pouco relevante
Número total de Associações Baixo,2.0,10.0,8.0,muito relevante
Número total de Associações Médio,4.0,9.0,5.0,pouco relevante
Número total de Atributos Alto,0.0,7.0,7.0,muito relevante
Número total de Atributos Baixo,1.0,10.0,9.0,muito relevante
Número total de Atributos Médio,4.0,9.0,5.0,pouco relevante
Número total de Classes Alto,0.0,10.0,10.0,muito relevante
Número total de Classes Baixo,3.0,10.0,7.0,muito relevante
Número total de Classes Médio,4.0,9.0,5.0,pouco relevante
Número total de Generalização Alto,0.0,10.0,10.0,muito relevante
Número total de Generalização Baixo,3.0,9.0,6.0,muito relevante
Número total de Generalização Médio,4.0,9.0,5.0,pouco relevante
Número total de Hierarquias Alto,0.0,10.0,10.0,muito relevante
Número total de Hierarquias Baixo,3.0,9.0,6.0,muito relevante
Número total de Hierarquias Médio,4.0,9.0,5.0,pouco relevante
Número total de Métodos Alto,4.0,9.0,5.0,pouco relevante
Número total de Métodos Baixo,3.0,8.0,5.0,pouco relevante
Número total de Métodos Médio,3.0,10.0,7.0,muito relevante
Número total de ações Alto,4.0,9.0,5.0,pouco relevante
Número total de ações Baixo,3.0,8.0,5.0,pouco relevante
Número total de ações Médio,3.0,10.0,7.0,muito relevante
Número total de ações de entrada Alto,2.0,10.0,8.0,muito relevante
Número total de ações de entrada Baixo,1.0,6.0,5.0,pouco relevante
Número total de ações de entrada Médio,4.0,9.0,5.0,pouco relevante
Número total de ações de saída Alto,2.0,10.0,8.0,muito relevante
Número total de ações de saída Baixo,5.0,8.0,3.0,não relevante
Número total de ações de saída Médio,4.0,9.0,5.0,pouco relevante
Número total de estados Alto,0.0,10.0,10.0,muito relevante
Número total de estados Baixo,1.0,6.0,5.0,pouco relevante
Número total de estados Médio,4.0,9.0,5.0,pouco relevante
Número total de transições Alto,5.0,10.0,5.0,pouco relevante
Número total de transições Baixo,3.0,9.0,6.0,muito relevante
Número total de transições Médio,4.0,9.0,5.0,pouco relevante
