metrica,regra,dominio,valor,classe_treino,classe_ampliada
Número de Atores,extremos,blocksworld,1,Baixo,Baixo
Número de Atores,extremos,depots,2,Médio,Médio
Número de Atores,extremos,driverlog,3,Alto,Médio
Número de Atores,extremos,elevator,1,Baixo,Baixo
Número de Atores,extremos,gripper,2,Médio,Médio
Número de Atores,extremos,logistics,3,Alto,Médio
Número de Atores,extremos,mystery,2,Médio,Médio
Número de Atores,extremos,pathways,2,Médio,Médio
Número de Atores,extremos,pipesworld,1,Baixo,Baixo
Número de Atores,extremos,satellite,2,Médio,Médio
Número de Atores,extremos,storage,1,Baixo,Baixo
Número de Atores,extremos,tpp,2,Médio,Médio
Número de Atores,extremos,zenotravel,2,Médio,Médio
Número de Atores,texto,blocksworld,1,Alto,Médio
Número de Atores,texto,depots,2,Alto,Alto
Número de Atores,texto,driverlog,3,Alto,Alto
Número de Atores,texto,elevator,1,Alto,Médio
Número de Atores,texto,gripper,2,Alto,Alto
Número de Atores,texto,logistics,3,Alto,Alto
Número de Atores,texto,mystery,2,Alto,Alto
Número de Atores,texto,pathways,2,Alto,Alto
Número de Atores,texto,pipesworld,1,Alto,Médio
Número de Atores,texto,satellite,2,Alto,Alto
Número de Atores,texto,storage,1,Alto,Médio
Número de Atores,texto,tpp,2,Alto,Alto
Número de Atores,texto,zenotravel,2,Alto,Alto
Número de Casos de Uso,extremos,blocksworld,4,Médio,Médio
Número de Casos de Uso,extremos,depots,5,Médio,Médio
Número de Casos de Uso,extremos,driverlog,6,Alto,Médio
Número de Casos de Uso,extremos,elevator,4,Médio,Médio
Número de Casos de Uso,extremos,gripper,3,Baixo,Baixo
Número de Casos de Uso,extremos,logistics,6,Alto,Médio
Número de Casos de Uso,extremos,mystery,3,Baixo,Baixo
Número de Casos de Uso,extremos,pathways,6,Alto,Médio
Número de Casos de Uso,extremos,pipesworld,6,Alto,Médio
Número de Casos de Uso,extremos,satellite,5,Médio,Médio
Número de Casos de Uso,extremos,storage,5,Médio,Médio
Número de Casos de Uso,extremos,tpp,4,Médio,Médio
Número de Casos de Uso,extremos,zenotravel,5,Médio,Médio
Número de Casos de Uso,texto,blocksworld,4,Alto,Baixo
Número de Casos de Uso,texto,depots,5,Alto,Baixo
Número de Casos de Uso,texto,driverlog,6,Alto,Baixo
Número de Casos de Uso,texto,elevator,4,Alto,Baixo
Número de Casos de Uso,texto,gripper,3,Médio,Baixo
Número de Casos de Uso,texto,logistics,6,Alto,Baixo
Número de Casos de Uso,texto,mystery,3,Médio,Baixo
Número de Casos de Uso,texto,pathways,6,Alto,Baixo
Número de Casos de Uso,texto,pipesworld,6,Alto,Baixo
Número de Casos de Uso,texto,satellite,5,Alto,Baixo
Número de Casos de Uso,texto,storage,5,Alto,Baixo
Número de Casos de Uso,texto,tpp,4,Alto,Baixo
Número de Casos de Uso,texto,zenotravel,5,Alto,Baixo
Número de Casos de Uso por Atores,extremos,blocksworld,0.25,Médio,Médio
Número de Casos de Uso por Atores,extremos,depots,0.4,Médio,Médio
Número de Casos de Uso por Atores,extremos,driverlog,0.5,Médio,Médio
Número de Casos de Uso por Atores,extremos,elevator,0.25,Médio,Médio
Número de Casos de Uso por Atores,extremos,gripper,0.67,Alto,Médio
Número de Casos de Uso por Atores,extremos,logistics,0.5,Médio,Médio
Número de Casos de Uso por Atores,extremos,mystery,0.67,Alto,Médio
Número de Casos de Uso por Atores,extremos,pathways,0.33,Médio,Médio
Número de Casos de Uso por Atores,extremos,pipesworld,0.17,Baixo,Médio
Número de Casos de Uso por Atores,extremos,satellite,0.4,Médio,Médio
Número de Casos de Uso por Atores,extremos,storage,0.2,Médio,Médio
Número de Casos de Uso por Atores,extremos,tpp,0.5,Médio,Médio
Número de Casos de Uso por Atores,extremos,zenotravel,0.4,Médio,Médio
Número de Casos de Uso por Atores,texto,blocksworld,0.25,Alto,Alto
Número de Casos de Uso por Atores,texto,depots,0.4,Alto,Alto
Número de Casos de Uso por Atores,texto,driverlog,0.5,Alto,Alto
Número de Casos de Uso por Atores,texto,elevator,0.25,Alto,Alto
Número de Casos de Uso por Atores,texto,gripper,0.67,Alto,Alto
Número de Casos de Uso por Atores,texto,logistics,0.5,Alto,Alto
Número de Casos de Uso por Atores,texto,mystery,0.67,Alto,Alto
Número de Casos de Uso por Atores,texto,pathways,0.33,Alto,Alto
Número de Casos de Uso por Atores,texto,pipesworld,0.17,Alto,Alto
Número de Casos de Uso por Atores,texto,satellite,0.4,Alto,Alto
Número de Casos de Uso por Atores,texto,storage,0.2,Alto,Alto
Número de Casos de Uso por Atores,texto,tpp,0.5,Alto,Alto
Número de Casos de Uso por Atores,texto,zenotravel,0.4,Alto,Alto
Número total de Classes,extremos,blocksworld,1,Baixo,Baixo
Número total de Classes,extremos,depots,9,Alto,Médio
Número total de Classes,extremos,driverlog,5,Médio,Médio
Número total de Classes,extremos,elevator,2,Médio,Médio
Número total de Classes,extremos,gripper,3,Médio,Médio
Número total de Classes,extremos,logistics,9,Alto,Médio
Número total de Classes,extremos,mystery,4,Médio,Médio
Número total de Classes,extremos,pathways,4,Médio,Médio
Número total de Classes,extremos,pipesworld,5,Médio,Médio
Número total de Classes,extremos,satellite,4,Médio,Médio
Número total de Classes,extremos,storage,9,Alto,Médio
Número total de Classes,extremos,tpp,7,Médio,Médio
Número total de Classes,extremos,zenotravel,4,Médio,Médio
Número total de Classes,texto,blocksworld,1,Baixo,Baixo
Número total de Classes,texto,depots,9,Médio,Baixo
Número total de Classes,texto,driverlog,5,Baixo,Baixo
Número total de Classes,texto,elevator,2,Baixo,Baixo
Número total de Classes,texto,gripper,3,Baixo,Baixo
Número total de Classes,texto,logistics,9,Médio,Baixo
Número total de Classes,texto,mystery,4,Baixo,Baixo
Número total de Classes,texto,pathways,4,Baixo,Baixo
Número total de Classes,texto,pipesworld,5,Baixo,Baixo
Número total de Classes,texto,satellite,4,Baixo,Baixo
Número total de Classes,texto,storage,9,Médio,Baixo
Número total de Classes,texto,tpp,7,Médio,Baixo
Número total de Classes,texto,zenotravel,4,Baixo,Baixo
Número total de Atributos,extremos,blocksworld,4,Médio,Médio
Número total de Atributos,extremos,depots,2,Médio,Médio
Número total de Atributos,extremos,driverlog,1,Médio,Médio
Número total de Atributos,extremos,elevator,5,Médio,Médio
Número total de Atributos,extremos,gripper,2,Médio,Médio
Número total de Atributos,extremos,logistics,0,Baixo,Baixo
Número total de Atributos,extremos,mystery,1,Médio,Médio
Número total de Atributos,extremos,pathways,5,Médio,Médio
Número total de Atributos,extremos,pipesworld,7,Alto,Médio
Número total de Atributos,extremos,satellite,3,Médio,Médio
Número total de Atributos,extremos,storage,2,Médio,Médio
Número total de Atributos,extremos,tpp,0,Baixo,Baixo
Número total de Atributos,extremos,zenotravel,0,Baixo,Baixo
Número total de Atributos,texto,blocksworld,4,Baixo,Baixo
Número total de Atributos,texto,depots,2,Baixo,Baixo
Número total de Atributos,texto,driverlog,1,Baixo,Baixo
Número total de Atributos,texto,elevator,5,Baixo,Baixo
Número total de Atributos,texto,gripper,2,Baixo,Baixo
Número total de Atributos,texto,logistics,0,Baixo,Baixo
Número total de Atributos,texto,mystery,1,Baixo,Baixo
Número total de Atributos,texto,pathways,5,Baixo,Baixo
Número total de Atributos,texto,pipesworld,7,Médio,Baixo
Número total de Atributos,texto,satellite,3,Baixo,Baixo
Número total de Atributos,texto,storage,2,Baixo,Baixo
Número total de Atributos,texto,tpp,0,Baixo,Baixo
Número total de Atributos,texto,zenotravel,0,Baixo,Baixo
Número total de Métodos,extremos,blocksworld,4,Médio,Médio
Número total de Métodos,extremos,depots,5,Médio,Médio
Número total de Métodos,extremos,driverlog,6,Alto,Médio
Número total de Métodos,extremos,elevator,4,Médio,Médio
Número total de Métodos,extremos,gripper,3,Baixo,Baixo
Número total de Métodos,extremos,logistics,6,Alto,Médio
Número total de Métodos,extremos,mystery,3,Baixo,Baixo
Número total de Métodos,extremos,pathways,6,Alto,Médio
Número total de Métodos,extremos,pipesworld,6,Alto,Médio
Número total de Métodos,extremos,satellite,5,Médio,Médio
Número total de Métodos,extremos,storage,5,Médio,Médio
Número total de Métodos,extremos,tpp,4,Médio,Médio
Número total de Métodos,extremos,zenotravel,5,Médio,Médio
Número total de Métodos,texto,blocksworld,4,Alto,Baixo
Número total de Métodos,texto,depots,5,Alto,Baixo
Número total de Métodos,texto,driverlog,6,Alto,Baixo
Número total de Métodos,texto,elevator,4,Alto,Baixo
Número total de Métodos,texto,gripper,3,Médio,Baixo
Número total de Métodos,texto,logistics,6,Alto,Baixo
Número total de Métodos,texto,mystery,3,Médio,Baixo
Número total de Métodos,texto,pathways,6,Alto,Baixo
Número total de Métodos,texto,pipesworld,6,Alto,Baixo
Número total de Métodos,texto,satellite,5,Alto,Baixo
Número total de Métodos,texto,storage,5,Alto,Baixo
Número total de Métodos,texto,tpp,4,Alto,Baixo
Número total de Métodos,texto,zenotravel,5,Alto,Baixo
Número total de Associações,extremos,blocksworld,1,Baixo,Médio
Número total de Associações,extremos,depots,4,Médio,Médio
Número total de Associações,extremos,driverlog,5,Médio,Médio
Número total de Associações,extremos,elevator,3,Médio,Médio
Número total de Associações,extremos,gripper,2,Médio,Médio
Número total de Associações,extremos,logistics,3,Médio,Médio
Número total de Associações,extremos,mystery,7,Médio,Médio
Número total de Associações,extremos,pathways,4,Médio,Médio
Número total de Associações,extremos,pipesworld,8,Alto,Médio
Número total de Associações,extremos,satellite,5,Médio,Médio
Número total de Associações,extremos,storage,6,Médio,Médio
Número total de Associações,extremos,tpp,7,Médio,Médio
Número total de Associações,extremos,zenotravel,4,Médio,Médio
Número total de Associações,texto,blocksworld,1,Baixo,Baixo
Número total de Associações,texto,depots,4,Baixo,Baixo
Número total de Associações,texto,driverlog,5,Baixo,Baixo
Número total de Associações,texto,elevator,3,Baixo,Baixo
Número total de Associações,texto,gripper,2,Baixo,Baixo
Número total de Associações,texto,logistics,3,Baixo,Baixo
Número total de Associações,texto,mystery,7,Médio,Baixo
Número total de Associações,texto,pathways,4,Baixo,Baixo
Número total de Associações,texto,pipesworld,8,Médio,Baixo
Número total de Associações,texto,satellite,5,Baixo,Baixo
Número total de Associações,texto,storage,6,Médio,Baixo
Número total de Associações,texto,tpp,7,Médio,Baixo
Número total de Associações,texto,zenotravel,4,Baixo,Baixo
Número total de Generalização,extremos,blocksworld,0,Baixo,Baixo
Número total de Generalização,extremos,depots,7,Alto,Médio
Número total de Generalização,extremos,driverlog,3,Médio,Médio
Número total de Generalização,extremos,elevator,0,Baixo,Baixo
Número total de Generalização,extremos,gripper,0,Baixo,Baixo
Número total de Generalização,extremos,logistics,6,Médio,Médio
Número total de Generalização,extremos,mystery,0,Baixo,Baixo
Número total de Generalização,extremos,pathways,2,Médio,Médio
Número total de Generalização,extremos,pipesworld,0,Baixo,Baixo
Número total de Generalização,extremos,satellite,0,Baixo,Baixo
Número total de Generalização,extremos,storage,6,Médio,Médio
Número total de Generalização,extremos,tpp,4,Médio,Médio
Número total de Generalização,extremos,zenotravel,0,Baixo,Baixo
Número total de Generalização,texto,blocksworld,0,Baixo,Baixo
Número total de Generalização,texto,depots,7,Baixo,Médio
Número total de Generalização,texto,driverlog,3,Baixo,Baixo
Número total de Generalização,texto,elevator,0,Baixo,Baixo
Número total de Generalização,texto,gripper,0,Baixo,Baixo
Número total de Generalização,texto,logistics,6,Baixo,Médio
Número total de Generalização,texto,mystery,0,Baixo,Baixo
Número total de Generalização,texto,pathways,2,Baixo,Baixo
Número total de Generalização,texto,pipesworld,0,Baixo,Baixo
Número total de Generalização,texto,satellite,0,Baixo,Baixo
Número total de Generalização,texto,storage,6,Baixo,Médio
Número total de Generalização,texto,tpp,4,Baixo,Baixo
Número total de Generalização,texto,zenotravel,0,Baixo,Baixo
Número total de Hierarquias,extremos,blocksworld,0,Baixo,Baixo
Número total de Hierarquias,extremos,depots,3,Alto,Alto
Número total de Hierarquias,extremos,driverlog,1,Médio,Médio
Número total de Hierarquias,extremos,elevator,0,Baixo,Baixo
Número total de Hierarquias,extremos,gripper,0,Baixo,Baixo
Número total de Hierarquias,extremos,logistics,3,Alto,Alto
Número total de Hierarquias,extremos,mystery,0,Baixo,Baixo
Número total de Hierarquias,extremos,pathways,1,Médio,Médio
Número total de Hierarquias,extremos,pipesworld,0,Baixo,Baixo
Número total de Hierarquias,extremos,satellite,0,Baixo,Baixo
Número total de Hierarquias,extremos,storage,3,Alto,Alto
Número total de Hierarquias,extremos,tpp,2,Médio,Médio
Número total de Hierarquias,extremos,zenotravel,0,Baixo,Baixo
Número total de Hierarquias,texto,blocksworld,0,Baixo,Baixo
Número total de Hierarquias,texto,depots,3,Médio,Alto
Número total de Hierarquias,texto,driverlog,1,Baixo,Médio
Número total de Hierarquias,texto,elevator,0,Baixo,Baixo
Número total de Hierarquias,texto,gripper,0,Baixo,Baixo
Número total de Hierarquias,texto,logistics,3,Médio,Alto
Número total de Hierarquias,texto,mystery,0,Baixo,Baixo
Número total de Hierarquias,texto,pathways,1,Baixo,Médio
Número total de Hierarquias,texto,pipesworld,0,Baixo,Baixo
Número total de Hierarquias,texto,satellite,0,Baixo,Baixo
Número total de Hierarquias,texto,storage,3,Médio,Alto
Número total de Hierarquias,texto,tpp,2,Médio,Alto
Número total de Hierarquias,texto,zenotravel,0,Baixo,Baixo
DIT Máximo,extremos,blocksworld,0,Baixo,Baixo
DIT Máximo,extremos,depots,2,Alto,Alto
DIT Máximo,extremos,driverlog,1,Médio,Médio
DIT Máximo,extremos,elevator,0,Baixo,Baixo
DIT Máximo,extremos,gripper,0,Baixo,Baixo
DIT Máximo,extremos,logistics,2,Alto,Alto
DIT Máximo,extremos,mystery,0,Baixo,Baixo
DIT Máximo,extremos,pathways,1,Médio,Médio
DIT Máximo,extremos,pipesworld,0,Baixo,Baixo
DIT Máximo,extremos,satellite,0,Baixo,Baixo
DIT Máximo,extremos,storage,2,Alto,Alto
DIT Máximo,extremos,tpp,1,Médio,Médio
DIT Máximo,extremos,zenotravel,0,Baixo,Baixo
DIT Máximo,texto,blocksworld,0,Baixo,Baixo
DIT Máximo,texto,depots,2,Alto,Alto
DIT Máximo,texto,driverlog,1,Médio,Alto
DIT Máximo,texto,elevator,0,Baixo,Baixo
DIT Máximo,texto,gripper,0,Baixo,Baixo
DIT Máximo,texto,logistics,2,Alto,Alto
DIT Máximo,texto,mystery,0,Baixo,Baixo
DIT Máximo,texto,pathways,1,Médio,Alto
DIT Máximo,texto,pipesworld,0,Baixo,Baixo
DIT Máximo,texto,satellite,0,Baixo,Baixo
DIT Máximo,texto,storage,2,Alto,Alto
DIT Máximo,texto,tpp,1,Médio,Alto
DIT Máximo,texto,zenotravel,0,Baixo,Baixo
Número total de ações,extremos,blocksworld,4,Médio,Médio
Número total de ações,extremos,depots,5,Médio,Médio
Número total de ações,extremos,driverlog,6,Alto,Médio
Número total de ações,extremos,elevator,4,Médio,Médio
Número total de ações,extremos,gripper,3,Baixo,Baixo
Número total de ações,extremos,logistics,6,Alto,Médio
Número total de ações,extremos,mystery,3,Baixo,Baixo
Número total de ações,extremos,pathways,6,Alto,Médio
Número total de ações,extremos,pipesworld,6,Alto,Médio
Número total de ações,extremos,satellite,5,Médio,Médio
Número total de ações,extremos,storage,5,Médio,Médio
Número total de ações,extremos,tpp,4,Médio,Médio
Número total de ações,extremos,zenotravel,5,Médio,Médio
Número total de ações,texto,blocksworld,4,Alto,Baixo
Número total de ações,texto,depots,5,Alto,Baixo
Número total de ações,texto,driverlog,6,Alto,Baixo
Número total de ações,texto,elevator,4,Alto,Baixo
Número total de ações,texto,gripper,3,Médio,Baixo
Número total de ações,texto,logistics,6,Alto,Baixo
Número total de ações,texto,mystery,3,Médio,Baixo
Número total de ações,texto,pathways,6,Alto,Baixo
Número total de ações,texto,pipesworld,6,Alto,Baixo
Número total de ações,texto,satellite,5,Alto,Baixo
Número total de ações,texto,storage,5,Alto,Baixo
Número total de ações,texto,tpp,4,Alto,Baixo
Número total de ações,texto,zenotravel,5,Alto,Baixo
