familia,ipc,variante,arquivo,variantes_recusadas_aterradas,Número de Atores,Número de Casos de Uso,Número de Casos de Uso por Atores,Número total de Classes,Número total de Atributos,Número total de Métodos,Número total de Associações,Número total de Generalização,Número total de Hierarquias,DIT Máximo,Número total de ações
grid,1998,grid-round-2-strips,ipc-1998/domains/grid-round-2-strips/domain.pddl,,1,5,0.2,3,5,5,4,0,0,0,5
movie,1998,movie-round-1-strips,ipc-1998/domains/movie-round-1-strips/domain.pddl,,5,8,0.62,5,9,8,0,0,0,0,8
mystery-prime,1998,mystery-prime-round-1-strips,ipc-1998/domains/mystery-prime-round-1-strips/domain.pddl,,3,4,0.75,4,1,4,7,0,0,0,4
assembly,1998,assembly-round-1-adl,ipc-1998/domains/assembly-round-1-adl/domain.pddl,,2,4,0.5,2,2,4,8,0,0,0,4
freecell,2000,freecell-strips-typed,ipc-2000/domains/freecell-strips-typed/domain.pddl,,1,10,0.1,3,6,10,5,0,0,0,10
schedule,2000,schedule-adl-typed,ipc-2000/domains/schedule-adl-typed/domain.pddl,,1,9,0.11,8,3,9,8,0,0,0,9
rovers,2002,rovers-strips-automatic,ipc-2002/domains/rovers-strips-automatic/domain.pddl,,1,9,0.11,7,11,9,14,0,0,0,9
airport,2004,airport-nontemporal-strips,ipc-2004/domains/airport-nontemporal-strips/domains/domain-1.pddl,,1,39,0.03,4,4,39,8,0,0,0,39
promela-dining-philosophers,2004,promela-dining-philosophers-adl,ipc-2004/domains/promela-dining-philosophers-adl/domain.pddl,promela-dining-philosophers-strips,2,11,0.18,9,7,11,22,0,0,0,11
promela-optical-telegraph,2004,promela-optical-telegraph-adl,ipc-2004/domains/promela-optical-telegraph-adl/domain.pddl,promela-optical-telegraph-strips,2,11,0.18,9,7,11,22,0,0,0,11
psr,2004,,,psr-small-strips psr-middle-compiled-adl,,,,,,,,,,,
openstacks,2006,openstacks-propositional,ipc-2006/domains/openstacks-propositional/domain.pddl,openstacks-propositional-strips,3,5,0.6,3,7,5,2,0,0,0,5
trucks,2006,trucks-propositional,ipc-2006/domains/trucks-propositional/domain.pddl,trucks-propositional-strips,2,4,0.5,6,1,4,9,2,1,1,4
cyber-security,2008,,,cyber-security-sequential-satisficing-strips,,,,,,,,,,,
parc-printer,2008,parc-printer-sequential-satisficing-strips,ipc-2008/domains/parc-printer-sequential-satisficing-strips/domains/domain-1.pddl,,1,23,0.04,7,2,23,9,0,0,0,23
peg-solitaire,2008,peg-solitaire-sequential-satisficing-strips,ipc-2008/domains/peg-solitaire-sequential-satisficing-strips/domain.pddl,,1,3,0.33,1,4,3,1,0,0,0,3
scanalyzer,2008,scanalyzer-3d-sequential-satisficing-strips,ipc-2008/domains/scanalyzer-3d-sequential-satisficing-strips/domain.pddl,,1,4,0.25,2,1,4,5,0,0,0,4
sokoban,2008,sokoban-sequential-satisficing-strips,ipc-2008/domains/sokoban-sequential-satisficing-strips/domain.pddl,,1,3,0.33,5,4,3,2,2,1,1,3
transport,2008,transport-sequential-satisficing-strips,ipc-2008/domains/transport-sequential-satisficing-strips/domain.pddl,,1,3,0.33,6,0,3,5,2,1,1,3
woodworking,2008,woodworking-sequential-satisficing-strips,ipc-2008/domains/woodworking-sequential-satisficing-strips/domain.pddl,,2,13,0.15,17,4,13,11,9,2,1,13
