metrica,extremos_mudam,extremos_classes_distintas_treino,extremos_classes_distintas_ampliada,texto_mudam,texto_classes_distintas_treino,texto_classes_distintas_ampliada
Número de Atores,2,3,2,4,1,2
Número de Casos de Uso,4,3,2,13,2,1
Número de Casos de Uso por Atores,3,3,1,0,1,1
Número total de Classes,3,3,2,4,2,1
Número total de Atributos,1,3,2,1,2,1
Número total de Métodos,4,3,2,13,2,1
Número total de Associações,2,3,1,4,2,1
Número total de Generalização,1,3,2,3,1,2
Número total de Hierarquias,0,3,3,6,2,3
DIT Máximo,0,3,3,3,3,2
Número total de ações,4,3,2,13,2,1
