edicao,trilha,recorte,dimensao,familia,planejadores,instancias,sem_topologia,auc_tamanho,auc_sas,auc_topologia,auc_sas+topologia,p_acrescimo,perm_acrescimo,holm_acrescimo,p_topologia,perm_topologia,holm_topologia,obs
2011,seq-opt,todos,D1,Busca no espaço de planos parciais,1,203,0,0.479,0.727,0.356,0.819,0.0005,1999,0.0195,0.95,199,1.0,
2011,seq-opt,todos,D1,Busca progressiva no espaço de estados,10,203,0,0.591,0.632,0.673,0.747,0.001,1999,0.028,0.0185,1999,0.555,
2011,seq-opt,todos,D1,Busca simbólica (BDD),1,203,0,0.724,0.467,0.297,0.417,1.0,199,1.0,1.0,199,1.0,
2011,seq-opt,todos,D1,Compilação para SAT/CSP,1,203,0,0.479,0.727,0.356,0.819,0.0005,1999,0.0195,0.95,199,1.0,
2011,seq-opt,todos,D2,Abstrações / pattern databases,7,203,0,,,,,,,,,,,sem variação suficiente
2011,seq-opt,todos,D2,Heurísticas de relaxação,1,203,0,0.603,0.704,0.682,0.789,0.001,1999,0.028,0.001,1999,0.037,
2011,seq-opt,todos,D2,Landmarks,7,203,0,0.59,0.684,0.713,0.8,0.0005,1999,0.0195,0.004,1999,0.136,
2011,seq-opt,sem-portfolios,D1,Busca no espaço de planos parciais,1,202,0,0.482,0.727,0.354,0.819,0.0005,1999,0.017,0.96,199,1.0,
2011,seq-opt,sem-portfolios,D1,Busca progressiva no espaço de estados,7,202,0,0.554,0.623,0.686,0.701,0.002,1999,0.04,0.0065,1999,0.1885,
2011,seq-opt,sem-portfolios,D1,Busca simbólica (BDD),1,202,0,0.727,0.473,0.285,0.437,1.0,199,1.0,1.0,199,1.0,
2011,seq-opt,sem-portfolios,D1,Compilação para SAT/CSP,1,202,0,0.482,0.727,0.354,0.819,0.0005,1999,0.017,0.92,199,1.0,
2011,seq-opt,sem-portfolios,D2,Abstrações / pattern databases,4,202,0,0.106,0.356,0.244,0.293,0.825,199,1.0,0.97,199,1.0,
2011,seq-opt,sem-portfolios,D2,Heurísticas de relaxação,1,202,0,0.597,0.697,0.684,0.778,0.0005,1999,0.017,0.002,1999,0.06,
2011,seq-opt,sem-portfolios,D2,Landmarks,5,202,0,0.621,0.581,0.704,0.741,0.0005,1999,0.017,0.0015,1999,0.048,
2011,seq-sat,todos,D1,Busca local,2,266,1,0.511,0.287,0.287,0.363,0.013,1999,0.3,1.0,199,1.0,
2011,seq-sat,todos,D1,Busca no espaço de planos parciais,2,266,1,0.537,0.548,0.525,0.613,0.0005,1999,0.0195,0.205,199,1.0,
2011,seq-sat,todos,D1,Busca progressiva no espaço de estados,23,266,1,,,,,,,,,,,sem variação suficiente
2011,seq-sat,todos,D1,Compilação para SAT/CSP,4,266,1,0.462,0.444,0.588,0.674,0.0005,1999,0.0195,0.012,1999,0.372,
2011,seq-sat,todos,D1,Decomposição/particionamento,2,266,1,0.193,0.661,0.446,0.622,0.935,199,1.0,0.77,199,1.0,
2011,seq-sat,todos,D2,Abstrações / pattern databases,1,266,1,0.385,0.484,0.508,0.355,1.0,199,1.0,0.355,199,1.0,
2011,seq-sat,todos,D2,Contagem de metas,2,266,1,0.184,0.537,0.809,0.659,0.0005,1999,0.0195,0.0005,1999,0.0195,
2011,seq-sat,todos,D2,Grafo causal,4,266,1,0.12,0.44,0.879,0.552,0.0015,1999,0.039,0.0005,1999,0.0195,
2011,seq-sat,todos,D2,Heurística de SAT para planejamento,1,266,1,0.663,0.552,0.573,0.646,0.0005,1999,0.0195,0.033,1999,0.957,
2011,seq-sat,todos,D2,Heurísticas de relaxação,20,266,1,,,,,,,,,,,sem variação suficiente
2011,seq-sat,todos,D2,Landmarks,6,266,1,,,,,,,,,,,sem variação suficiente
2011,seq-sat,todos,D2,Sem heurística,2,266,1,0.716,0.583,0.538,0.792,0.0005,1999,0.0195,0.2,199,1.0,
2011,seq-sat,sem-portfolios,D1,Busca local,2,266,1,0.511,0.287,0.287,0.363,0.008,1999,0.144,0.98,199,1.0,
2011,seq-sat,sem-portfolios,D1,Busca no espaço de planos parciais,2,266,1,0.537,0.548,0.525,0.613,0.0005,1999,0.017,0.235,199,1.0,
2011,seq-sat,sem-portfolios,D1,Busca progressiva no espaço de estados,21,266,1,,,,,,,,,,,sem variação suficiente
2011,seq-sat,sem-portfolios,D1,Compilação para SAT/CSP,4,266,1,0.462,0.444,0.588,0.674,0.0005,1999,0.017,0.0125,1999,0.3375,
2011,seq-sat,sem-portfolios,D1,Decomposição/particionamento,2,266,1,0.193,0.661,0.446,0.622,0.94,199,1.0,0.69,199,1.0,
2011,seq-sat,sem-portfolios,D2,Abstrações / pattern databases,1,266,1,0.385,0.484,0.508,0.355,1.0,199,1.0,0.315,199,1.0,
2011,seq-sat,sem-portfolios,D2,Contagem de metas,2,266,1,0.184,0.537,0.809,0.659,0.0005,1999,0.017,0.0005,1999,0.017,
2011,seq-sat,sem-portfolios,D2,Grafo causal,2,266,1,0.184,0.537,0.809,0.659,0.0005,1999,0.017,0.0005,1999,0.017,
2011,seq-sat,sem-portfolios,D2,Heurística de SAT para planejamento,1,266,1,0.663,0.552,0.573,0.646,0.0005,1999,0.017,0.033,1999,0.825,
2011,seq-sat,sem-portfolios,D2,Heurísticas de relaxação,18,266,1,,,,,,,,,,,sem variação suficiente
2011,seq-sat,sem-portfolios,D2,Landmarks,6,266,1,,,,,,,,,,,sem variação suficiente
2011,seq-sat,sem-portfolios,D2,Sem heurística,2,266,1,0.716,0.583,0.538,0.792,0.0005,1999,0.017,0.14,199,1.0,
2018,seq-agl,todos,D1,Busca desacoplada (topologia em estrela),2,165,5,0.709,0.722,0.471,0.703,0.84,199,1.0,0.535,199,1.0,
2018,seq-agl,todos,D1,Busca local,2,165,5,0.722,0.721,0.678,0.709,0.955,199,1.0,0.001,1999,0.037,
2018,seq-agl,todos,D1,Busca por largura/novidade,12,165,5,0.613,0.484,0.458,0.46,0.96,199,1.0,0.555,199,1.0,
2018,seq-agl,todos,D1,Busca progressiva no espaço de estados,19,165,5,,,,,,,,,,,sem variação suficiente
2018,seq-agl,todos,D1,Busca simbólica (BDD),2,165,5,,,,,,,,,,,sem variação suficiente
2018,seq-agl,todos,D1,Compilação para SAT/CSP,2,165,5,0.595,0.375,0.332,0.446,0.0125,1999,0.3,0.98,199,1.0,
2018,seq-agl,todos,D2,Contagem de metas,6,165,5,0.549,0.521,0.554,0.483,1.0,199,1.0,0.125,199,1.0,
2018,seq-agl,todos,D2,Grafo causal,3,165,5,0.696,0.677,0.517,0.68,0.25,199,1.0,0.245,199,1.0,
2018,seq-agl,todos,D2,Heurísticas de relaxação,10,165,5,0.6,0.629,0.431,0.604,0.745,199,1.0,0.6,199,1.0,
2018,seq-agl,todos,D2,Landmarks,9,165,5,0.476,0.587,0.107,0.464,0.98,199,1.0,1.0,199,1.0,
2018,seq-agl,todos,D2,Relaxação parcial (red-black),8,165,5,0.406,0.825,0.673,0.798,0.925,199,1.0,0.0095,1999,0.304,
2018,seq-agl,todos,D2,Sem heurística,1,165,5,0.56,0.559,0.329,0.497,1.0,199,1.0,0.88,199,1.0,
2018,seq-agl,sem-portfolios,D1,Busca desacoplada (topologia em estrela),1,161,5,0.631,0.706,0.298,0.661,1.0,199,1.0,0.995,199,1.0,
2018,seq-agl,sem-portfolios,D1,Busca por largura/novidade,10,161,5,0.646,0.603,0.434,0.545,0.97,199,1.0,0.65,199,1.0,
2018,seq-agl,sem-portfolios,D1,Busca progressiva no espaço de estados,15,161,5,,,,,,,,,,,sem variação suficiente
2018,seq-agl,sem-portfolios,D1,Busca simbólica (BDD),2,161,5,,,,,,,,,,,sem variação suficiente
2018,seq-agl,sem-portfolios,D1,Compilação para SAT/CSP,2,161,5,0.594,0.394,0.321,0.473,0.006,1999,0.114,0.995,199,1.0,
2018,seq-agl,sem-portfolios,D2,Contagem de metas,6,161,5,0.555,0.549,0.546,0.517,0.95,199,1.0,0.13,199,1.0,
2018,seq-agl,sem-portfolios,D2,Heurísticas de relaxação,7,161,5,0.598,0.697,0.43,0.69,0.565,199,1.0,0.625,199,1.0,
2018,seq-agl,sem-portfolios,D2,Landmarks,6,161,5,,,,,,,,,,,sem variação suficiente
2018,seq-agl,sem-portfolios,D2,Relaxação parcial (red-black),5,161,5,0.452,0.639,0.706,0.589,0.995,199,1.0,0.0015,1999,0.048,
2018,seq-agl,sem-portfolios,D2,Sem heurística,1,161,5,0.555,0.558,0.324,0.494,1.0,199,1.0,0.85,199,1.0,
2018,seq-opt,todos,D1,Busca desacoplada (topologia em estrela),1,173,1,0.48,0.584,0.629,0.521,1.0,199,1.0,0.004,1999,0.136,
2018,seq-opt,todos,D1,Busca progressiva no espaço de estados,15,173,1,,,,,,,,,,,sem variação suficiente
2018,seq-opt,todos,D1,Busca simbólica (BDD),6,173,1,0.723,0.657,0.513,0.659,0.16,199,1.0,0.27,199,1.0,
2018,seq-opt,todos,D2,Abstrações / pattern databases,11,173,1,,,,,,,,,,,sem variação suficiente
2018,seq-opt,todos,D2,Landmarks,7,173,1,0.678,0.577,0.501,0.554,0.685,199,1.0,0.39,199,1.0,
2018,seq-opt,todos,D2,"Programação linear (potenciais, contagem de operadores)",1,173,1,0.722,0.608,0.639,0.586,0.99,199,1.0,0.002,1999,0.07,
2018,seq-opt,todos,D2,Sem heurística,5,173,1,0.72,0.678,0.515,0.668,0.22,199,1.0,0.305,199,1.0,
2018,seq-opt,sem-portfolios,D1,Busca desacoplada (topologia em estrela),1,173,1,0.48,0.584,0.629,0.521,1.0,199,1.0,0.0075,1999,0.21,
2018,seq-opt,sem-portfolios,D1,Busca progressiva no espaço de estados,12,173,1,,,,,,,,,,,sem variação suficiente
2018,seq-opt,sem-portfolios,D1,Busca simbólica (BDD),3,173,1,0.711,0.628,0.457,0.699,0.0005,1999,0.017,0.575,199,1.0,
2018,seq-opt,sem-portfolios,D2,Abstrações / pattern databases,8,173,1,,,,,,,,,,,sem variação suficiente
2018,seq-opt,sem-portfolios,D2,Landmarks,4,173,1,0.462,0.676,0.51,0.598,1.0,199,1.0,0.36,199,1.0,
2018,seq-opt,sem-portfolios,D2,Sem heurística,2,173,1,0.683,0.636,0.529,0.644,0.2,199,1.0,0.24,199,1.0,
2018,seq-sat,todos,D1,Busca desacoplada (topologia em estrela),2,181,7,0.652,0.658,0.423,0.614,0.88,199,1.0,0.7,199,1.0,
2018,seq-sat,todos,D1,Busca local,2,181,7,0.7,0.603,0.468,0.557,1.0,199,1.0,0.58,199,1.0,
2018,seq-sat,todos,D1,Busca por largura/novidade,12,181,7,0.185,0.523,0.598,0.616,0.0005,1999,0.0195,0.105,199,1.0,
2018,seq-sat,todos,D1,Busca progressiva no espaço de estados,20,181,7,,,,,,,,,,,sem variação suficiente
2018,seq-sat,todos,D1,Busca simbólica (BDD),2,181,7,0.508,0.504,0.601,0.635,0.0005,1999,0.0195,0.12,199,1.0,
2018,seq-sat,todos,D1,Compilação para SAT/CSP,2,181,7,0.501,0.258,0.296,0.303,0.012,1999,0.3,1.0,199,1.0,
2018,seq-sat,todos,D2,Contagem de metas,6,181,7,0.262,0.589,0.598,0.699,0.0005,1999,0.0195,0.064,1999,1.0,
2018,seq-sat,todos,D2,Grafo causal,4,181,7,0.677,0.635,0.424,0.612,0.975,199,1.0,0.69,199,1.0,
2018,seq-sat,todos,D2,Heurísticas de relaxação,11,181,7,,,,,,,,,,,sem variação suficiente
2018,seq-sat,todos,D2,Landmarks,11,181,7,,,,,,,,,,,sem variação suficiente
2018,seq-sat,todos,D2,Relaxação parcial (red-black),8,181,7,0.289,0.532,0.565,0.483,0.98,199,1.0,0.13,199,1.0,
2018,seq-sat,todos,D2,Sem heurística,1,181,7,0.489,0.463,0.353,0.458,0.495,199,1.0,0.88,199,1.0,
2018,seq-sat,sem-portfolios,D1,Busca desacoplada (topologia em estrela),1,180,7,0.613,0.698,0.33,0.611,1.0,199,1.0,0.98,199,1.0,
2018,seq-sat,sem-portfolios,D1,Busca por largura/novidade,10,180,7,0.156,0.381,0.675,0.513,0.001,1999,0.021,0.024,1999,0.624,
2018,seq-sat,sem-portfolios,D1,Busca progressiva no espaço de estados,15,180,7,,,,,,,,,,,sem variação suficiente
2018,seq-sat,sem-portfolios,D1,Busca simbólica (BDD),2,180,7,0.505,0.501,0.599,0.634,0.0005,1999,0.017,0.065,199,1.0,
2018,seq-sat,sem-portfolios,D1,Compilação para SAT/CSP,2,180,7,0.485,0.249,0.291,0.296,0.0095,1999,0.1615,1.0,199,1.0,
2018,seq-sat,sem-portfolios,D2,Contagem de metas,6,180,7,0.198,0.551,0.611,0.681,0.0005,1999,0.017,0.055,199,1.0,
2018,seq-sat,sem-portfolios,D2,Heurísticas de relaxação,7,180,7,,,,,,,,,,,sem variação suficiente
2018,seq-sat,sem-portfolios,D2,Landmarks,7,180,7,,,,,,,,,,,sem variação suficiente
2018,seq-sat,sem-portfolios,D2,Relaxação parcial (red-black),5,180,7,0.312,0.477,0.591,0.341,1.0,199,1.0,0.095,199,1.0,
2018,seq-sat,sem-portfolios,D2,Sem heurística,1,180,7,0.483,0.458,0.35,0.455,0.395,199,1.0,0.9,199,1.0,
