edicao,trilha,recorte,instancias,dominios,caracteristicas,seletor,perda_total,perda_sbs,wilcoxon_p_vs_sbs,p_holm
2011,seq-opt,todos,203,14,sas,metodo-2010-planejador,18.0,18.0,1.0,1.0
2011,seq-opt,todos,203,14,sas,metodo-2010-4d-todas,34.0,18.0,0.0679,0.5432
2011,seq-opt,todos,203,14,sas,knn,45.0,18.0,0.0435,0.3915
2011,seq-opt,todos,203,14,sas,rf,23.0,18.0,1.0,1.0
2011,seq-opt,todos,203,14,topologia,metodo-2010-planejador,18.0,18.0,1.0,1.0
2011,seq-opt,todos,203,14,topologia,metodo-2010-4d-todas,31.0,18.0,0.0679,0.5432
2011,seq-opt,todos,203,14,topologia,knn,47.0,18.0,0.0114,0.1344
2011,seq-opt,todos,203,14,topologia,rf,45.0,18.0,0.0112,0.1344
2011,seq-opt,todos,203,14,sas+topologia,metodo-2010-planejador,18.0,18.0,1.0,1.0
2011,seq-opt,todos,203,14,sas+topologia,metodo-2010-4d-todas,34.0,18.0,0.0679,0.5432
2011,seq-opt,todos,203,14,sas+topologia,knn,45.0,18.0,0.0125,0.1344
2011,seq-opt,todos,203,14,sas+topologia,rf,24.0,18.0,0.6547,1.0
2011,seq-opt,sem-portfolios,202,14,sas,metodo-2010-planejador,41.0,40.0,0.3173,1.0
2011,seq-opt,sem-portfolios,202,14,sas,metodo-2010-4d-todas,52.0,40.0,0.7055,1.0
2011,seq-opt,sem-portfolios,202,14,sas,knn,49.0,40.0,0.8109,1.0
2011,seq-opt,sem-portfolios,202,14,sas,rf,40.0,40.0,0.9156,1.0
2011,seq-opt,sem-portfolios,202,14,topologia,metodo-2010-planejador,38.0,40.0,0.3173,1.0
2011,seq-opt,sem-portfolios,202,14,topologia,metodo-2010-4d-todas,40.0,40.0,1.0,1.0
2011,seq-opt,sem-portfolios,202,14,topologia,knn,54.0,40.0,0.106,1.0
2011,seq-opt,sem-portfolios,202,14,topologia,rf,58.0,40.0,0.0201,0.2412
2011,seq-opt,sem-portfolios,202,14,sas+topologia,metodo-2010-planejador,40.0,40.0,1.0,1.0
2011,seq-opt,sem-portfolios,202,14,sas+topologia,metodo-2010-4d-todas,40.0,40.0,1.0,1.0
2011,seq-opt,sem-portfolios,202,14,sas+topologia,knn,52.0,40.0,0.2614,1.0
2011,seq-opt,sem-portfolios,202,14,sas+topologia,rf,41.0,40.0,0.9314,1.0
2011,seq-sat,todos,266,14,sas,metodo-2010-planejador,17.0,17.0,1.0,1.0
2011,seq-sat,todos,266,14,sas,metodo-2010-4d-todas,35.0,17.0,0.2463,1.0
2011,seq-sat,todos,266,14,sas,knn,81.0,17.0,0.0382,0.382
2011,seq-sat,todos,266,14,sas,rf,49.0,17.0,0.0407,0.382
2011,seq-sat,todos,266,14,topologia,metodo-2010-planejador,17.0,17.0,1.0,1.0
2011,seq-sat,todos,266,14,topologia,metodo-2010-4d-todas,35.0,17.0,0.2463,1.0
2011,seq-sat,todos,266,14,topologia,knn,55.0,17.0,0.0753,0.6024
2011,seq-sat,todos,266,14,topologia,rf,51.0,17.0,0.0074,0.0888
2011,seq-sat,todos,266,14,sas+topologia,metodo-2010-planejador,17.0,17.0,1.0,1.0
2011,seq-sat,todos,266,14,sas+topologia,metodo-2010-4d-todas,35.0,17.0,0.2463,1.0
2011,seq-sat,todos,266,14,sas+topologia,knn,40.0,17.0,0.1544,1.0
2011,seq-sat,todos,266,14,sas+topologia,rf,58.0,17.0,0.0176,0.1936
2011,seq-sat,sem-portfolios,266,14,sas,metodo-2010-planejador,17.0,17.0,1.0,1.0
2011,seq-sat,sem-portfolios,266,14,sas,metodo-2010-4d-todas,57.0,17.0,0.0273,0.2457
2011,seq-sat,sem-portfolios,266,14,sas,knn,81.0,17.0,0.0382,0.3056
2011,seq-sat,sem-portfolios,266,14,sas,rf,39.0,17.0,0.0585,0.3682
2011,seq-sat,sem-portfolios,266,14,topologia,metodo-2010-planejador,17.0,17.0,1.0,1.0
2011,seq-sat,sem-portfolios,266,14,topologia,metodo-2010-4d-todas,45.0,17.0,0.0202,0.202
2011,seq-sat,sem-portfolios,266,14,topologia,knn,61.0,17.0,0.0526,0.3682
2011,seq-sat,sem-portfolios,266,14,topologia,rf,55.0,17.0,0.0049,0.0588
2011,seq-sat,sem-portfolios,266,14,sas+topologia,metodo-2010-planejador,17.0,17.0,1.0,1.0
2011,seq-sat,sem-portfolios,266,14,sas+topologia,metodo-2010-4d-todas,47.0,17.0,0.0715,0.3682
2011,seq-sat,sem-portfolios,266,14,sas+topologia,knn,40.0,17.0,0.1544,0.6176
2011,seq-sat,sem-portfolios,266,14,sas+topologia,rf,57.0,17.0,0.0178,0.1958
2018,seq-agl,todos,165,12,sas,metodo-2010-planejador,39.0,37.0,1.0,1.0
2018,seq-agl,todos,165,12,sas,metodo-2010-4d-todas,37.0,37.0,1.0,1.0
2018,seq-agl,todos,165,12,sas,knn,51.0,37.0,0.0781,0.781
2018,seq-agl,todos,165,12,sas,rf,53.0,37.0,0.0938,0.8442
2018,seq-agl,todos,165,12,topologia,metodo-2010-planejador,39.0,37.0,1.0,1.0
2018,seq-agl,todos,165,12,topologia,metodo-2010-4d-todas,40.0,37.0,0.5,1.0
2018,seq-agl,todos,165,12,topologia,knn,63.0,37.0,0.0234,0.2808
2018,seq-agl,todos,165,12,topologia,rf,68.0,37.0,0.0625,0.6875
2018,seq-agl,todos,165,12,sas+topologia,metodo-2010-planejador,37.0,37.0,1.0,1.0
2018,seq-agl,todos,165,12,sas+topologia,metodo-2010-4d-todas,37.0,37.0,1.0,1.0
2018,seq-agl,todos,165,12,sas+topologia,knn,51.0,37.0,0.0938,0.8442
2018,seq-agl,todos,165,12,sas+topologia,rf,49.0,37.0,0.5,1.0
2018,seq-agl,sem-portfolios,161,12,sas,metodo-2010-planejador,79.0,81.0,0.5,1.0
2018,seq-agl,sem-portfolios,161,12,sas,metodo-2010-4d-todas,50.0,81.0,0.0312,0.3744
2018,seq-agl,sem-portfolios,161,12,sas,knn,47.0,81.0,0.1094,0.9846
2018,seq-agl,sem-portfolios,161,12,sas,rf,58.0,81.0,0.2188,1.0
2018,seq-agl,sem-portfolios,161,12,topologia,metodo-2010-planejador,76.0,81.0,0.8438,1.0
2018,seq-agl,sem-portfolios,161,12,topologia,metodo-2010-4d-todas,53.0,81.0,0.0312,0.3744
2018,seq-agl,sem-portfolios,161,12,topologia,knn,64.0,81.0,0.1875,1.0
2018,seq-agl,sem-portfolios,161,12,topologia,rf,65.0,81.0,0.3633,1.0
2018,seq-agl,sem-portfolios,161,12,sas+topologia,metodo-2010-planejador,82.0,81.0,1.0,1.0
2018,seq-agl,sem-portfolios,161,12,sas+topologia,metodo-2010-4d-todas,50.0,81.0,0.0312,0.3744
2018,seq-agl,sem-portfolios,161,12,sas+topologia,knn,64.0,81.0,0.3047,1.0
2018,seq-agl,sem-portfolios,161,12,sas+topologia,rf,57.0,81.0,0.1289,1.0
2018,seq-opt,todos,173,12,sas,metodo-2010-planejador,49.0,35.0,1.0,1.0
2018,seq-opt,todos,173,12,sas,metodo-2010-4d-todas,45.0,35.0,0.5,1.0
2018,seq-opt,todos,173,12,sas,knn,41.0,35.0,0.5625,1.0
2018,seq-opt,todos,173,12,sas,rf,63.0,35.0,0.1875,1.0
2018,seq-opt,todos,173,12,topologia,metodo-2010-planejador,49.0,35.0,0.5,1.0
2018,seq-opt,todos,173,12,topologia,metodo-2010-4d-todas,40.0,35.0,0.5,1.0
2018,seq-opt,todos,173,12,topologia,knn,44.0,35.0,0.8672,1.0
2018,seq-opt,todos,173,12,topologia,rf,34.0,35.0,0.3281,1.0
2018,seq-opt,todos,173,12,sas+topologia,metodo-2010-planejador,49.0,35.0,1.0,1.0
2018,seq-opt,todos,173,12,sas+topologia,metodo-2010-4d-todas,46.0,35.0,0.25,1.0
2018,seq-opt,todos,173,12,sas+topologia,knn,33.0,35.0,0.9062,1.0
2018,seq-opt,todos,173,12,sas+topologia,rf,62.0,35.0,0.2812,1.0
2018,seq-opt,sem-portfolios,173,12,sas,metodo-2010-planejador,56.0,63.0,0.5,1.0
2018,seq-opt,sem-portfolios,173,12,sas,metodo-2010-4d-todas,48.0,63.0,0.8125,1.0
2018,seq-opt,sem-portfolios,173,12,sas,knn,42.0,63.0,0.2812,1.0
2018,seq-opt,sem-portfolios,173,12,sas,rf,65.0,63.0,1.0,1.0
2018,seq-opt,sem-portfolios,173,12,topologia,metodo-2010-planejador,65.0,63.0,0.8125,1.0
2018,seq-opt,sem-portfolios,173,12,topologia,metodo-2010-4d-todas,37.0,63.0,0.25,1.0
2018,seq-opt,sem-portfolios,173,12,topologia,knn,47.0,63.0,0.1562,1.0
2018,seq-opt,sem-portfolios,173,12,topologia,rf,37.0,63.0,0.0156,0.1872
2018,seq-opt,sem-portfolios,173,12,sas+topologia,metodo-2010-planejador,60.0,63.0,0.75,1.0
2018,seq-opt,sem-portfolios,173,12,sas+topologia,metodo-2010-4d-todas,42.0,63.0,0.4375,1.0
2018,seq-opt,sem-portfolios,173,12,sas+topologia,knn,33.0,63.0,0.0938,1.0
2018,seq-opt,sem-portfolios,173,12,sas+topologia,rf,57.0,63.0,0.3281,1.0
2018,seq-sat,todos,181,12,sas,metodo-2010-planejador,46.0,48.0,0.8125,1.0
2018,seq-sat,todos,181,12,sas,metodo-2010-4d-todas,33.0,48.0,0.125,1.0
2018,seq-sat,todos,181,12,sas,knn,52.0,48.0,0.5801,1.0
2018,seq-sat,todos,181,12,sas,rf,49.0,48.0,0.7676,1.0
2018,seq-sat,todos,181,12,topologia,metodo-2010-planejador,46.0,48.0,0.875,1.0
2018,seq-sat,todos,181,12,topologia,metodo-2010-4d-todas,33.0,48.0,0.125,1.0
2018,seq-sat,todos,181,12,topologia,knn,52.0,48.0,0.8945,1.0
2018,seq-sat,todos,181,12,topologia,rf,57.0,48.0,0.3438,1.0
2018,seq-sat,todos,181,12,sas+topologia,metodo-2010-planejador,43.0,48.0,0.625,1.0
2018,seq-sat,todos,181,12,sas+topologia,metodo-2010-4d-todas,33.0,48.0,0.125,1.0
2018,seq-sat,todos,181,12,sas+topologia,knn,63.0,48.0,0.2207,1.0
2018,seq-sat,todos,181,12,sas+topologia,rf,48.0,48.0,1.0,1.0
2018,seq-sat,sem-portfolios,180,12,sas,metodo-2010-planejador,50.0,50.0,1.0,1.0
2018,seq-sat,sem-portfolios,180,12,sas,metodo-2010-4d-todas,41.0,50.0,0.9531,1.0
2018,seq-sat,sem-portfolios,180,12,sas,knn,50.0,50.0,0.9219,1.0
2018,seq-sat,sem-portfolios,180,12,sas,rf,55.0,50.0,0.9844,1.0
2018,seq-sat,sem-portfolios,180,12,topologia,metodo-2010-planejador,50.0,50.0,1.0,1.0
2018,seq-sat,sem-portfolios,180,12,topologia,metodo-2010-4d-todas,41.0,50.0,0.9531,1.0
2018,seq-sat,sem-portfolios,180,12,topologia,knn,51.0,50.0,0.75,1.0
2018,seq-sat,sem-portfolios,180,12,topologia,rf,52.0,50.0,0.875,1.0
2018,seq-sat,sem-portfolios,180,12,sas+topologia,metodo-2010-planejador,49.0,50.0,1.0,1.0
2018,seq-sat,sem-portfolios,180,12,sas+topologia,metodo-2010-4d-todas,41.0,50.0,0.9531,1.0
2018,seq-sat,sem-portfolios,180,12,sas+topologia,knn,59.0,50.0,0.4941,1.0
2018,seq-sat,sem-portfolios,180,12,sas+topologia,rf,53.0,50.0,0.9062,1.0
