edicao,trilha,recorte,dominio,instancias,sbs_escolhido,perda_vbs,perda_acaso,perda_sbs,perda_metodo-2010-planejador,perda_knn,perda_rf,perda_metodo-2010-4d-todas,perda_metodo-2010-4d-D1,perda_metodo-2010-4d-D2
2011,seq-opt,todos,barman,4,FDSS-1,0.0,0.33,0.0,0.0,0.0,0.0,0.0,0.0,0.0
2011,seq-opt,todos,elevators,19,FDSS-1,0.0,4.25,1.0,1.0,3.0,0.0,8.0,5.0,5.0
2011,seq-opt,todos,floortile,9,FDSS-1,0.0,4.08,2.0,2.0,2.0,1.0,2.0,7.0,7.0
2011,seq-opt,todos,nomystery,20,FDSS-1,0.0,2.75,0.0,0.0,0.0,0.0,0.0,0.0,5.0
2011,seq-opt,todos,openstacks,20,FDSS-1,0.0,5.67,4.0,4.0,4.0,4.0,4.0,6.0,6.0
2011,seq-opt,todos,parcprinter,17,FDSS-1,0.0,4.83,3.0,3.0,10.0,10.0,3.0,8.0,4.0
2011,seq-opt,todos,parking,7,FDSS-1,0.0,3.0,0.0,0.0,5.0,0.0,0.0,4.0,5.0
2011,seq-opt,todos,pegsol,19,FDSS-1,0.0,2.75,0.0,0.0,2.0,0.0,0.0,2.0,2.0
2011,seq-opt,todos,scanalyzer,15,FDSS-1,0.0,6.0,1.0,1.0,2.0,1.0,6.0,9.0,9.0
2011,seq-opt,todos,sokoban,20,FDSS-1,0.0,1.92,0.0,0.0,1.0,0.0,0.0,0.0,0.0
2011,seq-opt,todos,tidybot,14,FDSS-1,0.0,2.42,0.0,0.0,9.0,0.0,1.0,14.0,0.0
2011,seq-opt,todos,transport,8,FDSS-1,0.0,2.08,1.0,1.0,1.0,1.0,1.0,1.0,1.0
2011,seq-opt,todos,visitall,14,FDSS-1,0.0,2.67,1.0,1.0,4.0,1.0,1.0,4.0,4.0
2011,seq-opt,todos,woodworking,17,FDSS-1,0.0,7.67,5.0,5.0,2.0,5.0,8.0,8.0,7.0
2011,seq-opt,sem-portfolios,barman,4,Selective Max,0.0,0.44,0.0,0.0,0.0,0.0,0.0,0.0,0.0
2011,seq-opt,sem-portfolios,elevators,19,Selective Max,0.0,4.44,1.0,1.0,2.0,0.0,1.0,5.0,1.0
2011,seq-opt,sem-portfolios,floortile,9,Selective Max,0.0,4.78,2.0,2.0,3.0,1.0,2.0,7.0,2.0
2011,seq-opt,sem-portfolios,nomystery,20,LM-cut,0.0,3.67,5.0,5.0,0.0,0.0,5.0,6.0,5.0
2011,seq-opt,sem-portfolios,openstacks,20,Selective Max,0.0,6.22,6.0,6.0,4.0,6.0,4.0,6.0,4.0
2011,seq-opt,sem-portfolios,parcprinter,17,Selective Max,0.0,5.33,4.0,4.0,10.0,10.0,6.0,10.0,4.0
2011,seq-opt,sem-portfolios,parking,7,LM-cut,0.0,4.0,5.0,5.0,5.0,5.0,5.0,4.0,5.0
2011,seq-opt,sem-portfolios,pegsol,18,Selective Max,0.0,2.67,1.0,1.0,1.0,1.0,1.0,1.0,1.0
2011,seq-opt,sem-portfolios,scanalyzer,15,Selective Max,0.0,7.11,5.0,5.0,5.0,7.0,3.0,9.0,3.0
2011,seq-opt,sem-portfolios,sokoban,20,Selective Max,0.0,2.56,0.0,0.0,1.0,0.0,0.0,0.0,0.0
2011,seq-opt,sem-portfolios,tidybot,14,Selective Max,0.0,3.11,0.0,0.0,10.0,0.0,14.0,14.0,0.0
2011,seq-opt,sem-portfolios,transport,8,Selective Max,0.0,2.44,2.0,2.0,1.0,1.0,2.0,1.0,2.0
2011,seq-opt,sem-portfolios,visitall,14,Selective Max,0.0,3.22,4.0,4.0,4.0,4.0,4.0,3.0,4.0
2011,seq-opt,sem-portfolios,woodworking,17,Selective Max,0.0,8.11,5.0,6.0,3.0,5.0,5.0,8.0,5.0
2011,seq-sat,todos,barman,20,LAMA-2011,0.0,13.07,0.0,0.0,8.0,1.0,2.0,20.0,15.0
2011,seq-sat,todos,elevators,20,LAMA-2011,0.0,9.67,0.0,0.0,0.0,0.0,0.0,0.0,0.0
2011,seq-sat,todos,floortile,9,LAMA-2011,0.0,5.74,3.0,3.0,6.0,3.0,3.0,6.0,5.0
2011,seq-sat,todos,nomystery,19,LAMA-2011,0.0,9.74,9.0,9.0,0.0,9.0,7.0,0.0,12.0
2011,seq-sat,todos,openstacks,20,LAMA-2011,0.0,8.89,0.0,0.0,0.0,1.0,1.0,0.0,13.0
2011,seq-sat,todos,parcprinter,20,LAMA-2011,0.0,8.0,0.0,0.0,0.0,1.0,0.0,0.0,11.0
2011,seq-sat,todos,parking,20,LAMA-2011,0.0,10.93,0.0,0.0,16.0,11.0,0.0,16.0,10.0
2011,seq-sat,todos,pegsol,20,LAMA-2011,0.0,3.63,0.0,0.0,0.0,0.0,0.0,0.0,7.0
2011,seq-sat,todos,scanalyzer,20,LAMA-2011,0.0,5.52,0.0,0.0,0.0,0.0,0.0,0.0,0.0
2011,seq-sat,todos,sokoban,19,LAMA-2011,0.0,10.19,0.0,0.0,13.0,1.0,0.0,17.0,2.0
2011,seq-sat,todos,tidybot,20,LAMA-2011,0.0,10.15,4.0,4.0,5.0,4.0,3.0,3.0,1.0
2011,seq-sat,todos,transport,20,LAMA-2011,0.0,9.22,1.0,1.0,5.0,5.0,5.0,5.0,10.0
2011,seq-sat,todos,visitall,20,LAMA-2011,0.0,10.85,0.0,0.0,10.0,14.0,14.0,10.0,13.0
2011,seq-sat,todos,woodworking,20,LAMA-2011,0.0,8.89,0.0,0.0,19.0,0.0,0.0,0.0,18.0
2011,seq-sat,sem-portfolios,barman,20,LAMA-2011,0.0,13.92,0.0,0.0,8.0,0.0,0.0,20.0,15.0
2011,seq-sat,sem-portfolios,elevators,20,LAMA-2011,0.0,10.44,0.0,0.0,0.0,1.0,0.0,0.0,0.0
2011,seq-sat,sem-portfolios,floortile,9,LAMA-2011,0.0,6.0,3.0,3.0,6.0,2.0,6.0,6.0,5.0
2011,seq-sat,sem-portfolios,nomystery,19,LAMA-2011,0.0,9.96,9.0,9.0,0.0,9.0,9.0,0.0,12.0
2011,seq-sat,sem-portfolios,openstacks,20,LAMA-2011,0.0,9.52,0.0,0.0,0.0,0.0,0.0,0.0,13.0
2011,seq-sat,sem-portfolios,parcprinter,20,LAMA-2011,0.0,8.64,0.0,0.0,0.0,3.0,9.0,0.0,11.0
2011,seq-sat,sem-portfolios,parking,20,LAMA-2011,0.0,11.8,0.0,0.0,16.0,6.0,1.0,16.0,10.0
2011,seq-sat,sem-portfolios,pegsol,20,LAMA-2011,0.0,3.92,0.0,0.0,0.0,0.0,0.0,0.0,7.0
2011,seq-sat,sem-portfolios,scanalyzer,20,LAMA-2011,0.0,5.96,0.0,0.0,0.0,0.0,0.0,0.0,0.0
2011,seq-sat,sem-portfolios,sokoban,19,LAMA-2011,0.0,11.0,0.0,0.0,13.0,1.0,0.0,17.0,2.0
2011,seq-sat,sem-portfolios,tidybot,20,LAMA-2011,0.0,10.76,4.0,4.0,5.0,4.0,5.0,3.0,1.0
2011,seq-sat,sem-portfolios,transport,20,LAMA-2011,0.0,9.56,1.0,1.0,5.0,9.0,9.0,5.0,10.0
2011,seq-sat,sem-portfolios,visitall,20,LAMA-2011,0.0,10.6,0.0,0.0,10.0,0.0,18.0,10.0,13.0
2011,seq-sat,sem-portfolios,woodworking,20,LAMA-2011,0.0,9.6,0.0,0.0,19.0,0.0,0.0,0.0,18.0
2018,seq-agl,todos,agricola,14,Saarplan,0.0,8.0,5.0,5.0,9.0,6.0,5.0,6.0,9.0
2018,seq-agl,todos,caldera,14,Saarplan,0.0,7.36,3.0,3.0,3.0,2.0,3.0,3.0,4.0
2018,seq-agl,todos,caldera-split,11,Saarplan,0.0,7.27,2.0,2.0,2.0,8.0,2.0,6.0,6.0
2018,seq-agl,todos,data-network,19,Saarplan,0.0,9.73,1.0,1.0,2.0,1.0,1.0,8.0,8.0
2018,seq-agl,todos,flashfill,14,Saarplan,0.0,9.55,1.0,1.0,3.0,3.0,1.0,2.0,7.0
2018,seq-agl,todos,nurikabe,17,Saarplan,0.0,9.09,2.0,2.0,7.0,2.0,2.0,6.0,6.0
2018,seq-agl,todos,organic-synthesis,3,Saarplan,0.0,0.59,0.0,0.0,0.0,0.0,0.0,0.0,0.0
2018,seq-agl,todos,organic-synthesis-split,11,Saarplan,0.0,5.77,3.0,3.0,3.0,3.0,3.0,3.0,3.0
2018,seq-agl,todos,settlers,18,Saarplan,0.0,13.95,6.0,6.0,3.0,8.0,6.0,3.0,10.0
2018,seq-agl,todos,snake,20,Saarplan,0.0,13.64,10.0,12.0,13.0,16.0,10.0,16.0,13.0
2018,seq-agl,todos,spider,16,Saarplan,0.0,9.64,6.0,6.0,7.0,12.0,6.0,4.0,11.0
2018,seq-agl,todos,termes,13,Saarplan,0.0,5.95,1.0,1.0,2.0,1.0,1.0,0.0,2.0
2018,seq-agl,sem-portfolios,agricola,13,lama11,0.0,6.72,6.0,6.0,8.0,5.0,5.0,5.0,8.0
2018,seq-agl,sem-portfolios,caldera,14,DecStar,0.0,7.33,3.0,1.0,3.0,1.0,3.0,3.0,3.0
2018,seq-agl,sem-portfolios,caldera-split,10,lama11,0.0,6.89,6.0,7.0,1.0,5.0,5.0,5.0,5.0
2018,seq-agl,sem-portfolios,data-network,18,lama11,0.0,9.72,7.0,7.0,1.0,1.0,7.0,7.0,7.0
2018,seq-agl,sem-portfolios,flashfill,14,OLCFF,0.0,10.0,13.0,13.0,3.0,13.0,2.0,2.0,2.0
2018,seq-agl,sem-portfolios,nurikabe,16,lama11,0.0,8.11,7.0,7.0,7.0,6.0,5.0,5.0,5.0
2018,seq-agl,sem-portfolios,organic-synthesis,3,lama11,0.0,0.67,0.0,0.0,0.0,0.0,0.0,0.0,0.0
2018,seq-agl,sem-portfolios,organic-synthesis-split,11,LAPKT-BFWS-Preference,0.0,6.22,6.0,3.0,3.0,3.0,3.0,3.0,3.0
2018,seq-agl,sem-portfolios,settlers,18,OLCFF,0.0,14.39,18.0,13.0,3.0,1.0,3.0,3.0,5.0
2018,seq-agl,sem-portfolios,snake,20,lama11,0.0,13.83,17.0,17.0,13.0,15.0,16.0,16.0,15.0
2018,seq-agl,sem-portfolios,spider,16,DecStar,0.0,9.0,4.0,4.0,7.0,13.0,4.0,4.0,4.0
2018,seq-agl,sem-portfolios,termes,13,LAPKT-BFWS-Preference,0.0,6.44,4.0,4.0,2.0,2.0,0.0,0.0,0.0
2018,seq-opt,todos,agricola,16,Complementary2,0.0,10.72,10.0,4.0,16.0,14.0,16.0,16.0,6.0
2018,seq-opt,todos,caldera,15,Delfi1,0.0,5.39,2.0,2.0,3.0,2.0,2.0,7.0,6.0
2018,seq-opt,todos,caldera-split,12,Delfi1,0.0,3.78,1.0,1.0,3.0,1.0,1.0,3.0,4.0
2018,seq-opt,todos,data-network,16,Delfi1,0.0,4.39,3.0,3.0,2.0,3.0,3.0,7.0,9.0
2018,seq-opt,todos,nurikabe,14,Delfi1,0.0,4.22,2.0,2.0,2.0,2.0,2.0,3.0,1.0
2018,seq-opt,todos,organic-synthesis,8,Delfi1,0.0,1.17,1.0,1.0,1.0,1.0,1.0,1.0,1.0
2018,seq-opt,todos,organic-synthesis-split,14,Delfi1,0.0,2.39,1.0,1.0,1.0,1.0,1.0,0.0,1.0
2018,seq-opt,todos,petri-net-alignment,20,Delfi1,0.0,11.56,0.0,20.0,3.0,18.0,4.0,12.0,3.0
2018,seq-opt,todos,settlers,10,Delfi1,0.0,4.33,1.0,1.0,2.0,8.0,1.0,2.0,2.0
2018,seq-opt,todos,snake,14,Delfi1,0.0,4.83,3.0,3.0,3.0,1.0,3.0,7.0,2.0
2018,seq-opt,todos,spider,17,Delfi1,0.0,7.5,6.0,6.0,5.0,5.0,6.0,6.0,6.0
2018,seq-opt,todos,termes,18,Delfi1,0.0,5.5,6.0,6.0,2.0,6.0,6.0,6.0,8.0
2018,seq-opt,sem-portfolios,agricola,16,Complementary2,0.0,11.67,10.0,10.0,16.0,14.0,8.0,16.0,6.0
2018,seq-opt,sem-portfolios,caldera,15,Complementary1,0.0,5.4,4.0,4.0,3.0,3.0,5.0,7.0,5.0
2018,seq-opt,sem-portfolios,caldera-split,12,Complementary1,0.0,4.07,3.0,3.0,3.0,4.0,3.0,4.0,3.0
2018,seq-opt,sem-portfolios,data-network,16,Complementary2,0.0,4.67,4.0,3.0,2.0,3.0,9.0,3.0,9.0
2018,seq-opt,sem-portfolios,nurikabe,14,Complementary1,0.0,4.33,1.0,2.0,2.0,2.0,1.0,3.0,1.0
2018,seq-opt,sem-portfolios,organic-synthesis,8,Complementary1,0.0,1.2,1.0,1.0,1.0,1.0,1.0,1.0,1.0
2018,seq-opt,sem-portfolios,organic-synthesis-split,14,Complementary1,0.0,2.6,1.0,1.0,1.0,1.0,1.0,0.0,1.0
2018,seq-opt,sem-portfolios,petri-net-alignment,20,Scorpion,0.0,12.47,20.0,20.0,3.0,18.0,3.0,12.0,3.0
2018,seq-opt,sem-portfolios,settlers,10,Complementary1,0.0,4.33,2.0,1.0,2.0,10.0,2.0,2.0,2.0
2018,seq-opt,sem-portfolios,snake,14,sbd,0.0,4.93,10.0,4.0,3.0,1.0,2.0,3.0,2.0
2018,seq-opt,sem-portfolios,spider,17,Complementary1,0.0,7.2,6.0,6.0,5.0,5.0,6.0,4.0,6.0
2018,seq-opt,sem-portfolios,termes,18,Complementary1,0.0,5.87,2.0,2.0,2.0,2.0,2.0,6.0,2.0
2018,seq-sat,todos,agricola,16,LAPKT-DUAL-BFWS,0.0,6.04,3.0,1.0,5.0,2.0,1.0,3.0,5.0
2018,seq-sat,todos,caldera,18,Saarplan,0.0,9.39,6.0,6.0,2.0,2.0,6.0,4.0,7.0
2018,seq-sat,todos,caldera-split,11,Saarplan,0.0,6.48,1.0,1.0,4.0,2.0,1.0,6.0,4.0
2018,seq-sat,todos,data-network,19,Fast Downward Stone Soup 2018,0.0,7.52,6.0,1.0,3.0,2.0,1.0,3.0,6.0
2018,seq-sat,todos,flashfill,15,Saarplan,0.0,9.61,1.0,1.0,1.0,8.0,1.0,1.0,2.0
2018,seq-sat,todos,nurikabe,19,LAPKT-DUAL-BFWS,0.0,8.52,4.0,4.0,5.0,4.0,1.0,6.0,6.0
2018,seq-sat,todos,organic-synthesis,3,Saarplan,0.0,0.52,0.0,0.0,0.0,0.0,0.0,0.0,0.0
2018,seq-sat,todos,organic-synthesis-split,14,Saarplan,0.0,6.3,3.0,4.0,3.0,4.0,3.0,4.0,4.0
2018,seq-sat,todos,settlers,19,LAPKT-DUAL-BFWS,0.0,12.83,11.0,11.0,8.0,8.0,7.0,1.0,8.0
2018,seq-sat,todos,snake,20,Saarplan,0.0,12.09,8.0,12.0,12.0,7.0,8.0,14.0,12.0
2018,seq-sat,todos,spider,18,Saarplan,0.0,7.61,4.0,3.0,7.0,8.0,4.0,2.0,6.0
2018,seq-sat,todos,termes,16,LAPKT-DUAL-BFWS,0.0,7.13,5.0,5.0,3.0,4.0,2.0,0.0,3.0
2018,seq-sat,sem-portfolios,agricola,16,LAPKT-DUAL-BFWS,0.0,6.94,3.0,3.0,5.0,2.0,3.0,3.0,5.0
2018,seq-sat,sem-portfolios,caldera,18,LAPKT-DUAL-BFWS,0.0,9.94,0.0,0.0,2.0,0.0,4.0,4.0,7.0
2018,seq-sat,sem-portfolios,caldera-split,11,LAPKT-DUAL-BFWS,0.0,7.22,0.0,4.0,3.0,4.0,6.0,6.0,4.0
2018,seq-sat,sem-portfolios,data-network,19,LAPKT-DUAL-BFWS,0.0,8.56,3.0,3.0,3.0,3.0,3.0,3.0,5.0
2018,seq-sat,sem-portfolios,flashfill,15,LAPKT-DUAL-BFWS,0.0,10.39,0.0,0.0,0.0,13.0,1.0,1.0,5.0
2018,seq-sat,sem-portfolios,nurikabe,19,LAPKT-DUAL-BFWS,0.0,9.56,4.0,4.0,5.0,4.0,6.0,6.0,6.0
2018,seq-sat,sem-portfolios,organic-synthesis,3,LAPKT-DUAL-BFWS,0.0,0.67,0.0,0.0,0.0,0.0,0.0,0.0,0.0
2018,seq-sat,sem-portfolios,organic-synthesis-split,13,LAPKT-DUAL-BFWS,0.0,5.78,1.0,1.0,2.0,2.0,3.0,3.0,3.0
2018,seq-sat,sem-portfolios,settlers,19,LAPKT-DUAL-BFWS,0.0,13.78,11.0,11.0,8.0,8.0,1.0,1.0,8.0
2018,seq-sat,sem-portfolios,snake,20,DecStar,0.0,12.67,14.0,14.0,12.0,12.0,14.0,14.0,12.0
2018,seq-sat,sem-portfolios,spider,18,LAPKT-DUAL-BFWS,0.0,7.94,3.0,3.0,7.0,9.0,2.0,2.0,1.0
2018,seq-sat,sem-portfolios,termes,16,LAPKT-DUAL-BFWS,0.0,8.17,5.0,5.0,3.0,5.0,0.0,0.0,3.0
