edicao,trilha,recorte,planejadores,instancias,dominios,seletor,perda_total,fracao_da_lacuna_sbs_fechada,wilcoxon_p_vs_sbs,p_holm
2011,seq-opt,todos,12,203,14,vbs,0.0,1.0,,
2011,seq-opt,todos,12,203,14,acaso,50.4,-1.801,,
2011,seq-opt,todos,12,203,14,sbs,18.0,0.0,,
2011,seq-opt,todos,12,203,14,metodo-2010-planejador,18.0,0.0,1.0,1.0
2011,seq-opt,todos,12,203,14,knn,45.0,-1.5,0.0435,0.174
2011,seq-opt,todos,12,203,14,rf,23.0,-0.278,1.0,1.0
2011,seq-opt,todos,12,203,14,metodo-2010-4d-todas,34.0,-0.889,0.0679,0.2037
2011,seq-opt,todos,12,203,14,metodo-2010-4d-D1,68.0,-2.778,0.0049,0.0288
2011,seq-opt,todos,12,203,14,metodo-2010-4d-D2,55.0,-2.056,0.0048,0.0288
2011,seq-opt,sem-portfolios,9,202,14,vbs,0.0,1.0,,
2011,seq-opt,sem-portfolios,9,202,14,acaso,58.1,-0.453,,
2011,seq-opt,sem-portfolios,9,202,14,sbs,40.0,0.0,,
2011,seq-opt,sem-portfolios,9,202,14,metodo-2010-planejador,41.0,-0.025,0.3173,1.0
2011,seq-opt,sem-portfolios,9,202,14,knn,49.0,-0.225,0.8109,1.0
2011,seq-opt,sem-portfolios,9,202,14,rf,40.0,0.0,0.9156,1.0
2011,seq-opt,sem-portfolios,9,202,14,metodo-2010-4d-todas,52.0,-0.3,0.7055,1.0
2011,seq-opt,sem-portfolios,9,202,14,metodo-2010-4d-D1,74.0,-0.85,0.04,0.24
2011,seq-opt,sem-portfolios,9,202,14,metodo-2010-4d-D2,36.0,0.1,0.1573,0.7865
2011,seq-sat,todos,27,267,14,vbs,0.0,1.0,,
2011,seq-sat,todos,27,267,14,acaso,124.5,-6.322,,
2011,seq-sat,todos,27,267,14,sbs,17.0,0.0,,
2011,seq-sat,todos,27,267,14,metodo-2010-planejador,17.0,0.0,1.0,1.0
2011,seq-sat,todos,27,267,14,knn,82.0,-3.824,0.0382,0.1528
2011,seq-sat,todos,27,267,14,rf,50.0,-1.941,0.016,0.08
2011,seq-sat,todos,27,267,14,metodo-2010-4d-todas,35.0,-1.059,0.2463,0.4926
2011,seq-sat,todos,27,267,14,metodo-2010-4d-D1,77.0,-3.529,0.0687,0.2061
2011,seq-sat,todos,27,267,14,metodo-2010-4d-D2,117.0,-5.882,0.0053,0.0318
2011,seq-sat,sem-portfolios,25,267,14,vbs,0.0,1.0,,
2011,seq-sat,sem-portfolios,25,267,14,acaso,131.7,-6.746,,
2011,seq-sat,sem-portfolios,25,267,14,sbs,17.0,0.0,,
2011,seq-sat,sem-portfolios,25,267,14,metodo-2010-planejador,17.0,0.0,1.0,1.0
2011,seq-sat,sem-portfolios,25,267,14,knn,82.0,-3.824,0.0382,0.1528
2011,seq-sat,sem-portfolios,25,267,14,rf,35.0,-1.059,0.0715,0.2061
2011,seq-sat,sem-portfolios,25,267,14,metodo-2010-4d-todas,57.0,-2.353,0.0273,0.1365
2011,seq-sat,sem-portfolios,25,267,14,metodo-2010-4d-D1,77.0,-3.529,0.0687,0.2061
2011,seq-sat,sem-portfolios,25,267,14,metodo-2010-4d-D2,117.0,-5.882,0.0053,0.0318
2018,seq-agl,todos,22,170,12,vbs,0.0,1.0,,
2018,seq-agl,todos,22,170,12,acaso,100.5,-1.514,,
2018,seq-agl,todos,22,170,12,sbs,40.0,0.0,,
2018,seq-agl,todos,22,170,12,metodo-2010-planejador,42.0,-0.05,1.0,1.0
2018,seq-agl,todos,22,170,12,knn,54.0,-0.35,0.0781,0.3124
2018,seq-agl,todos,22,170,12,rf,62.0,-0.55,0.0469,0.2345
2018,seq-agl,todos,22,170,12,metodo-2010-4d-todas,40.0,0.0,1.0,1.0
2018,seq-agl,todos,22,170,12,metodo-2010-4d-D1,57.0,-0.425,0.2031,0.6093
2018,seq-agl,todos,22,170,12,metodo-2010-4d-D2,79.0,-0.975,0.002,0.012
2018,seq-agl,sem-portfolios,18,166,12,vbs,0.0,1.0,,
2018,seq-agl,sem-portfolios,18,166,12,acaso,99.3,-0.092,,
2018,seq-agl,sem-portfolios,18,166,12,sbs,91.0,0.0,,
2018,seq-agl,sem-portfolios,18,166,12,metodo-2010-planejador,82.0,0.099,0.25,0.25
2018,seq-agl,sem-portfolios,18,166,12,knn,51.0,0.44,0.043,0.1564
2018,seq-agl,sem-portfolios,18,166,12,rf,65.0,0.286,0.0684,0.1564
2018,seq-agl,sem-portfolios,18,166,12,metodo-2010-4d-todas,53.0,0.418,0.0078,0.0468
2018,seq-agl,sem-portfolios,18,166,12,metodo-2010-4d-D1,53.0,0.418,0.0078,0.0468
2018,seq-agl,sem-portfolios,18,166,12,metodo-2010-4d-D2,57.0,0.374,0.0391,0.1564
2018,seq-opt,todos,18,174,12,vbs,0.0,1.0,,
2018,seq-opt,todos,18,174,12,acaso,65.8,-0.827,,
2018,seq-opt,todos,18,174,12,sbs,36.0,0.0,,
2018,seq-opt,todos,18,174,12,metodo-2010-planejador,50.0,-0.389,1.0,1.0
2018,seq-opt,todos,18,174,12,knn,43.0,-0.194,0.4375,1.0
2018,seq-opt,todos,18,174,12,rf,62.0,-0.722,0.3125,1.0
2018,seq-opt,todos,18,174,12,metodo-2010-4d-todas,46.0,-0.278,0.5,1.0
2018,seq-opt,todos,18,174,12,metodo-2010-4d-D1,70.0,-0.944,0.0156,0.0936
2018,seq-opt,todos,18,174,12,metodo-2010-4d-D2,49.0,-0.361,0.2383,1.0
2018,seq-opt,sem-portfolios,15,174,12,vbs,0.0,1.0,,
2018,seq-opt,sem-portfolios,15,174,12,acaso,68.7,-0.074,,
2018,seq-opt,sem-portfolios,15,174,12,sbs,64.0,0.0,,
2018,seq-opt,sem-portfolios,15,174,12,metodo-2010-planejador,57.0,0.109,0.5,1.0
2018,seq-opt,sem-portfolios,15,174,12,knn,43.0,0.328,0.2812,1.0
2018,seq-opt,sem-portfolios,15,174,12,rf,64.0,0.0,0.9141,1.0
2018,seq-opt,sem-portfolios,15,174,12,metodo-2010-4d-todas,43.0,0.328,0.4375,1.0
2018,seq-opt,sem-portfolios,15,174,12,metodo-2010-4d-D1,61.0,0.047,1.0,1.0
2018,seq-opt,sem-portfolios,15,174,12,metodo-2010-4d-D2,41.0,0.359,0.4375,1.0
2018,seq-sat,todos,23,188,12,vbs,0.0,1.0,,
2018,seq-sat,todos,23,188,12,acaso,94.0,-0.809,,
2018,seq-sat,todos,23,188,12,sbs,52.0,0.0,,
2018,seq-sat,todos,23,188,12,metodo-2010-planejador,49.0,0.058,0.6875,1.0
2018,seq-sat,todos,23,188,12,knn,53.0,-0.019,0.9844,1.0
2018,seq-sat,todos,23,188,12,rf,51.0,0.019,0.7578,1.0
2018,seq-sat,todos,23,188,12,metodo-2010-4d-todas,35.0,0.327,0.0625,0.375
2018,seq-sat,todos,23,188,12,metodo-2010-4d-D1,44.0,0.154,0.6875,1.0
2018,seq-sat,todos,23,188,12,metodo-2010-4d-D2,63.0,-0.212,0.1816,0.908
2018,seq-sat,sem-portfolios,18,187,12,vbs,0.0,1.0,,
2018,seq-sat,sem-portfolios,18,187,12,acaso,101.6,-1.309,,
2018,seq-sat,sem-portfolios,18,187,12,sbs,44.0,0.0,,
2018,seq-sat,sem-portfolios,18,187,12,metodo-2010-planejador,48.0,-0.091,1.0,1.0
2018,seq-sat,sem-portfolios,18,187,12,knn,50.0,-0.136,0.5352,1.0
2018,seq-sat,sem-portfolios,18,187,12,rf,62.0,-0.409,0.4062,1.0
2018,seq-sat,sem-portfolios,18,187,12,metodo-2010-4d-todas,43.0,0.023,0.7578,1.0
2018,seq-sat,sem-portfolios,18,187,12,metodo-2010-4d-D1,43.0,0.023,0.7578,1.0
2018,seq-sat,sem-portfolios,18,187,12,metodo-2010-4d-D2,59.0,-0.341,0.2695,1.0
