planejador,versao_2010,chave,fonte_verificada_em,busca,heuristica,representacao,arquitetura,trecho_literal,localizacao,classificacao_2010,observacao
Blackbox,"não especificada nos arquivos (binário idêntico ao usado no itSIMPLE; hash SHA-1 confirma identidade, sem número de versão)",kautz1999unifying,23/09/2026,construção de um grafo de planos (GraphPlan) seguida de tradução para SAT e resolução por SAT-solver plugável; não há busca sequencial estado-a-estado,"nao-informado (simplificação/mutex proposicional na tradução SAT, não uma função heurística de busca)",proposicional (STRIPS traduzido em CNF/SAT),"planejador único (com SAT-solver plugável: Walksat, satz, rel_sat)","The Blackbox planning system unifies the planning as satisfiability framework (Kautz and Selman 1992, 1996) with the plan graph approach to STRIPS planning (Blum and Furst 1995).",Resumo,"State-Space, Total-order, Forward-chaining, Graph-based, SAT-based","Fonte confirma Graph-based e SAT-based; State-Space e Forward-chaining não têm respaldo na fonte, que não descreve busca sequencial no espaço de estados. 2010 aplica ""Forward-chaining"" a todo planejador SAT-based por convenção própria, não por leitura da fonte."
IPP,"não especificada nos arquivos (só existe em comp/planners/, sem número de versão; última versão pública conhecida é IPP 4.1)",koehler1997extending,23/09/2026,"extensão do GraphPlan (grafo de planos) para subconjunto de ADL; extração de planos do grafo com paralelismo máximo, não busca sequencial estado-a-estado",nao-informado,STRIPS/ADL (efeitos condicionais e universalmente quantificados) sobre grafo de planos,planejador único,One of the distinguished features of graphplan is its ability to produce shortest plans in the sense that it exploits maximal parallelism of actions in the plan.,"Seção 2 (ECP-97, pp. 273-285)","State-Space, Total-order, Forward-chaining, Graph-based","Fonte confirma Graph-based; State-Space, Total-order e Forward-chaining não são descritos na fonte. ""Total-order"" é especialmente questionável: o Graphplan gera planos com ações paralelas por construção."
FF,FF v2.3,hoffmann2001ff,23/09/2026,busca progressiva no espaço de estados (forward state space search) com enforced hill-climbing; busca best-first completa como recurso de contingência,"heurística de plano relaxado (ignora listas de remoção), extraída de um grafo de planos construído para o problema relaxado",STRIPS proposicional (espaço de estados do mundo),planejador único,"Like the HSP system, FF relies on forward state space search, using a heuristic that estimates goal distances by ignoring delete lists.","Resumo, p. 253","State-Space, Total-order, Forward-chaining, Graph-based, Heurist Search","Fonte confirma State-Space, Forward-chaining e Heuristic Search diretamente. ""Graph-based"" é impreciso: o grafo de planos é usado só para calcular a heurística (problema relaxado), não para a busca principal — mesmo padrão identificado em Fast Downward (helmert2006fast)."
R,não especificada nos arquivos (só existe em comp/planners/),lin2001planner,23/09/2026,"seleção recursiva de subobjetivos a partir do estado inicial (forward-chaining, STRIPS recursivo), sem grafo de planos nem SAT",nao-informado (sem função heurística numérica; controle opcional por conhecimento de domínio fornecido pelo usuário),"STRIPS proposicional; mantém lista global de ações decididas, não retrocede sobre a descrição do estado inicial",planejador único,"SYSTEM R is a variant of the original STRIPS by Fikes and Nilsson (1971) (called forward-chaining, recursive STRIPS in Nilsson [1998]).",p. 73,"State-Space, Partial-order, Forward-chaining, Backward-chaining","Fonte chama R explicitamente de ""forward-chaining, recursive STRIPS"", confirmando Forward-chaining. ""Backward-chaining"" não tem respaldo direto: a subobjetivação recursiva é regressão de metas dentro da mesma busca forward, não uma técnica separada e coexistente. DOI registrado no Handle e declarado no OJS da AAAI; sem metadados no Crossref (conferido pelo Coordenador em 23/09/2026)."
LPG,LPG-td 1.0,gerevini2004lpgtd,23/09/2026,"busca local estocástica (herdeira do Walksat, com lista tabu) no espaço de ""grafos de ação"" derivados do grafo de planos; não é busca sequencial forward-chaining","funções heurísticas específicas por variante de domínio, para avaliar a vizinhança da busca local","action graphs (grafos de ação) estendidos para PDDL2.2 (literais temporizados iniciais, predicados derivados, ações duráveis, expressões numéricas)",planejador único,"Like the previous version of LPG, the new version is based on a stochastic local search in the space of particular ""action graphs"" derived from the planning problem specification.",Introdução,"Plan-Space, Partial-order, Forward-chaining, Graph-based, Heurist Search","Fonte confirma Plan-Space, Graph-based e Heuristic Search. ""Forward-chaining"" não aparece em nenhum ponto do artigo: a busca é local, sobre um plano parcial já construído, não uma expansão a partir do estado inicial."
YAHSP,"não especificada nos arquivos (só existe em comp/planners/); técnica da IPC-4 (2004), citada em 2010 via Vidal (2002)",vidal2004lookahead,23/09/2026,"forward-chaining best-first search modificado, com estratégia de lookahead que reaproveita trechos do plano relaxado do FF","mesma heurística de plano relaxado do FF (grafo de planos do problema relaxado), reaproveitada para lookahead",STRIPS proposicional (espaço de estados),planejador único,"We focus in this paper on a technique introduced in the FF planning system (Hoffmann & Nebel 2001) for calculating the heuristic, based on the extraction of a solution from a planning graph computed for the relaxed problem.","Introdução, p. 150","State-Space, Total-order, Forward-chaining, Graph-based, Knowledge-based, Heurist Search","Fonte confirma State-Space, Forward-chaining, Graph-based (herdado do FF) e Heuristic Search. ""Knowledge-based"" não tem respaldo: a técnica é reaproveitar informação já calculada pela própria heurística, não conhecimento de domínio fornecido a priori."
SGPlan,SGPlan 6,chen2006temporal,23/09/2026,"particionamento de restrições mutex por subobjetivo (subgoal partitioning) em subproblemas, cada um resolvido por uma versão modificada do Metric-FF (planejador de busca heurística forward), com resolução iterativa de conflitos entre subproblemas","heurística de plano relaxado do Metric-FF, adaptada para restrições temporais e particionadas",PDDL2.2 com partição de restrições mutex por subobjetivo,planejador único com decomposição interna em subproblemas (não é portfólio de planejadores distintos: usa sempre o mesmo Metric-FF modificado),We present a partition-and-resolve strategy that looks for locally optimal subplans in constraint-partitioned temporal planning subproblems and that resolves those inconsistent global constraints across the subproblems.,Resumo,"Plan-Space, Partial-order, Forward-chaining","2010 não marca Graph-based nem Heurist Search para SGPlan, apesar de seu planejador interno (Metric-FF) ser heurístico. ""Plan-Space""/""Partial-order"" não correspondem ao particionamento por subobjetivo descrito na fonte, que é mais próximo de decomposição/portfólio interno do que de planejamento plan-space clássico."
SATPlan,SatPlan 2006,kautz2006satplan,23/09/2026,"construção de grafo de planos (GraphPlan) até comprimento k, tradução para cláusulas SAT, resolução por SAT-solver genérico (siege), incrementando k até satisfazer",nao-informado (a busca é feita pelo SAT-solver; sem função heurística de planejamento própria),"proposicional (CNF/SAT), uma proposição por ação/fato em cada passo de tempo","planejador único (SAT-solver modular, roda como processo separado)","SatPlan-2006 is an updated version of the planning as satisfiability approach originally proposed in (Kautz & Selman 1992; 1996) using hand-generated translations, and implemented for PDDL input in the Blackbox system.",Seção 1,"Plan-Space, Partial-order, Forward-chaining, Graph-based, SAT-based","Fonte confirma Graph-based e SAT-based. O próprio corpo do texto de 2010 declara que planejadores SAT-based = Forward-chaining por definição própria, mas a Tabela 4 também marca SATPlan como Plan-Space e Partial-order — categorias tratadas como alternativas a State-Space/Total-order na literatura, não coexistentes; inconsistência interna de 2010, independente da fonte primária."
MAXPLAN,"versão submetida à IPC-5 (2006); binário idêntico ao do itSIMPLE (hash SHA-1), sem número de versão adicional",xing2006maxplan,23/09/2026,"planejamento como satisfatibilidade com decomposição por subobjetivo (goal-oriented decomposition); sobre o horizonte, redução a partir de um limite superior (backward level reduction, via plano do FF), ao contrário da expansão crescente do SATPlan; direção no espaço de estados: não aplicável",nao-informado (decomposição goal-oriented e aprendizado acumulativo de cláusulas substituem heurística de busca no espaço de planos),proposicional (SAT) com formulação de domínio multivalorado (MDF) para mutex de longo alcance (londex),planejador único,"This observation inspires us to search from the opposite direction, i.e. to reduce the estimated plan length from an upper bound.",Seção 1 (Introdução),"Plan-Space, Partial-order, Forward-chaining, Graph-based, SAT-based","Fonte confirma SAT-based. Forward-chaining e Plan-Space/Partial-order não têm apoio na fonte (planejador SAT). O ""opposite direction"" do artigo refere-se ao comprimento do plano, não ao encadeamento no espaço de estados; não sustenta ""backward-chaining"" (correção do Coordenador, 23/09/2026)."
Fast Downward,"não especificada (pasta com código-fonte, sem tag de versão explícita nos arquivos)",helmert2006fast,22/09/2026 (nota já existente no projeto),"progressão heurística (greedy best-first search / multi-heuristic best-first search); grafo causal usado só para computar a heurística, não para a busca principal",causal graph heuristic (heurística causal por decomposição hierárquica do grafo causal),"multi-valued planning tasks (MPT), variáveis multivaloradas traduzidas do PDDL2.2",planejador único,"Like FF, Fast Downward is a heuristic progression planner, i.e., it computes plans by heuristic search in the space of world states reachable from the initial situation.","Seção 3, p. 202","State-Space, Total-order, Hierarchical, Forward-chaining, Heurist Search","Nota já existente (helmert2006fast): fonte descreve Fast Downward como planejador de progressão heurística; ""Hierarchical"" refere-se apenas à decomposição do grafo causal usada para calcular a heurística, não ao algoritmo de busca."
