sigla,planejador,ipc,dimensao,valor,fonte,tipo_fonte,codificacao
BB2,Blackbox 2,1998,D1,Busca em grafo de planejamento,kautz1999unifying,primária (nota de leitura),igual ao Blackbox de 2010
BB2,Blackbox 2,1998,D1,Compilação para SAT/CSP,kautz1999unifying,primária (nota de leitura),igual ao Blackbox de 2010
BB2,Blackbox 2,1998,D2,Sem heurística,kautz1999unifying,primária (nota de leitura),igual ao Blackbox de 2010
BB2,Blackbox 2,1998,D3,Proposicional traduzido em SAT/CNF,kautz1999unifying,primária (nota de leitura),igual ao Blackbox de 2010
BB2,Blackbox 2,1998,D4,Planejador único com componente plugável,kautz1999unifying,primária (nota de leitura),igual ao Blackbox de 2010
HSP,HSP,1998,D1,Busca progressiva no espaço de estados,bonet2001heuristic; README do HSP 1.1 no artefato,primária (nota de leitura) + código,
HSP,HSP,1998,D2,Heurísticas de relaxação,bonet2001heuristic; README do HSP 1.1 no artefato,primária (nota de leitura) + código,
HSP,HSP,1998,D3,Proposicional / STRIPS clássico,bonet2001heuristic; README do HSP 1.1 no artefato,primária (nota de leitura) + código,
HSP,HSP,1998,D4,Planejador único,bonet2001heuristic; README do HSP 1.1 no artefato,primária (nota de leitura) + código,
IPP,IPP,1998,D1,Busca em grafo de planejamento,koehler1997extending,primária (nota de leitura),igual ao de 2010
IPP,IPP,1998,D2,Sem heurística,koehler1997extending,primária (nota de leitura),igual ao de 2010
IPP,IPP,1998,D3,STRIPS/ADL estendido (grafo de planos),koehler1997extending,primária (nota de leitura),igual ao de 2010
IPP,IPP,1998,D4,Planejador único,koehler1997extending,primária (nota de leitura),igual ao de 2010
FF,FF,2000,D1,Busca progressiva no espaço de estados,hoffmann2001ff,primária (nota de leitura),igual ao de 2010
FF,FF,2000,D2,Heurísticas de relaxação,hoffmann2001ff,primária (nota de leitura),igual ao de 2010
FF,FF,2000,D3,Proposicional / STRIPS clássico,hoffmann2001ff,primária (nota de leitura),igual ao de 2010
FF,FF,2000,D4,Planejador único,hoffmann2001ff,primária (nota de leitura),igual ao de 2010
HSP2,HSP2,2000,D1,Busca progressiva no espaço de estados,bonet2001heuristic,primária (nota de leitura),
HSP2,HSP2,2000,D2,Heurísticas de relaxação,bonet2001heuristic,primária (nota de leitura),
HSP2,HSP2,2000,D3,Proposicional / STRIPS clássico,bonet2001heuristic,primária (nota de leitura),
HSP2,HSP2,2000,D4,Planejador único,bonet2001heuristic,primária (nota de leitura),
MIPS,MIPS,2000,D1,Busca simbólica (BDD),lequen2026planner (descrição do planejador); código do artefato (módulos bdd.*),secundária + código,M1: fonte primária não lida; D2 não determinada
MIPS,MIPS,2000,D3,Simbólica (BDD),lequen2026planner (descrição do planejador); código do artefato (módulos bdd.*),secundária + código,M1: fonte primária não lida; D2 não determinada
MIPS,MIPS,2000,D4,Planejador único,lequen2026planner (descrição do planejador); código do artefato (módulos bdd.*),secundária + código,M1: fonte primária não lida; D2 não determinada
SysR,System R,2000,D1,Decomposição recursiva por metas,lin2001planner,primária (nota de leitura),igual ao R de 2010
SysR,System R,2000,D2,Sem heurística,lin2001planner,primária (nota de leitura),igual ao R de 2010
SysR,System R,2000,D3,Proposicional / STRIPS clássico,lin2001planner,primária (nota de leitura),igual ao R de 2010
SysR,System R,2000,D4,Planejador único,lin2001planner,primária (nota de leitura),igual ao R de 2010
LPG,LPG,2002,D1,Busca local,gerevini2004lpgtd,primária (nota de leitura),"igual ao de 2010 (C1, C2)"
LPG,LPG,2002,D1,Busca no espaço de planos parciais,gerevini2004lpgtd,primária (nota de leitura),"igual ao de 2010 (C1, C2)"
LPG,LPG,2002,D2,Avaliação heurística da vizinhança,gerevini2004lpgtd,primária (nota de leitura),"igual ao de 2010 (C1, C2)"
LPG,LPG,2002,D3,Grafos de ação,gerevini2004lpgtd,primária (nota de leitura),"igual ao de 2010 (C1, C2)"
LPG,LPG,2002,D4,Planejador único,gerevini2004lpgtd,primária (nota de leitura),"igual ao de 2010 (C1, C2)"
SimP,SimPlanner,2002,D1,Busca progressiva no espaço de estados,lequen2026planner (descrição do planejador),secundária,M1: fonte primária não lida; D3 não determinada
SimP,SimPlanner,2002,D2,Heurísticas de relaxação,lequen2026planner (descrição do planejador),secundária,M1: fonte primária não lida; D3 não determinada
SimP,SimPlanner,2002,D4,Planejador único,lequen2026planner (descrição do planejador),secundária,M1: fonte primária não lida; D3 não determinada
FD,Fast Downward (2004),2004,D1,Busca progressiva no espaço de estados,helmert2006fast,primária (nota de leitura),igual ao de 2010
FD,Fast Downward (2004),2004,D2,Grafo causal,helmert2006fast,primária (nota de leitura),igual ao de 2010
FD,Fast Downward (2004),2004,D3,Variáveis multivaloradas,helmert2006fast,primária (nota de leitura),igual ao de 2010
FD,Fast Downward (2004),2004,D4,Planejador único,helmert2006fast,primária (nota de leitura),igual ao de 2010
FDD,Fast Diagonally Downward,2004,D1,Busca progressiva no espaço de estados,helmert2006fast (busca multi-heurística grafo causal + FF); lequen2026planner (descrição do planejador),primária (nota de leitura) + secundária,
FDD,Fast Diagonally Downward,2004,D2,Grafo causal,helmert2006fast (busca multi-heurística grafo causal + FF); lequen2026planner (descrição do planejador),primária (nota de leitura) + secundária,
FDD,Fast Diagonally Downward,2004,D2,Heurísticas de relaxação,helmert2006fast (busca multi-heurística grafo causal + FF); lequen2026planner (descrição do planejador),primária (nota de leitura) + secundária,
FDD,Fast Diagonally Downward,2004,D3,Variáveis multivaloradas,helmert2006fast (busca multi-heurística grafo causal + FF); lequen2026planner (descrição do planejador),primária (nota de leitura) + secundária,
FDD,Fast Diagonally Downward,2004,D4,Planejador único,helmert2006fast (busca multi-heurística grafo causal + FF); lequen2026planner (descrição do planejador),primária (nota de leitura) + secundária,
MIPSXXL,MIPS-XXL,2006,D1,Busca progressiva no espaço de estados,"lequen2026planner (descrição do planejador); código do artefato (bucket, duplicates_removal)",secundária + código,M1: fonte primária não lida; D1 inferida (busca explícita em memória externa); D2 e D3 não determinadas
MIPSXXL,MIPS-XXL,2006,D4,Planejador único,"lequen2026planner (descrição do planejador); código do artefato (bucket, duplicates_removal)",secundária + código,M1: fonte primária não lida; D1 inferida (busca explícita em memória externa); D2 e D3 não determinadas
C3,C3,2008,D1,Busca progressiva no espaço de estados,lequen2026planner (descrição do planejador); README do C3 no artefato (aterramento do Metric-FF),secundária + código,M1: fonte primária não lida
C3,C3,2008,D2,Heurísticas de relaxação,lequen2026planner (descrição do planejador); README do C3 no artefato (aterramento do Metric-FF),secundária + código,M1: fonte primária não lida
C3,C3,2008,D3,Proposicional / STRIPS clássico,lequen2026planner (descrição do planejador); README do C3 no artefato (aterramento do Metric-FF),secundária + código,M1: fonte primária não lida
C3,C3,2008,D4,Planejador único,lequen2026planner (descrição do planejador); README do C3 no artefato (aterramento do Metric-FF),secundária + código,M1: fonte primária não lida
FFSA,FF(h_sa),2008,D1,Busca progressiva no espaço de estados,lequen2026planner (descrição do planejador); README do FFSA no artefato (base Metric-FF),secundária + código,M1: fonte primária não lida
FFSA,FF(h_sa),2008,D2,Heurísticas de relaxação,lequen2026planner (descrição do planejador); README do FFSA no artefato (base Metric-FF),secundária + código,M1: fonte primária não lida
FFSA,FF(h_sa),2008,D3,Proposicional / STRIPS clássico,lequen2026planner (descrição do planejador); README do FFSA no artefato (base Metric-FF),secundária + código,M1: fonte primária não lida
FFSA,FF(h_sa),2008,D4,Planejador único,lequen2026planner (descrição do planejador); README do FFSA no artefato (base Metric-FF),secundária + código,M1: fonte primária não lida
LAMA08,LAMA 2008,2008,D1,Busca progressiva no espaço de estados,richter2010lama,primária (nota de leitura),taxonomia §6
LAMA08,LAMA 2008,2008,D2,Heurísticas de relaxação,richter2010lama,primária (nota de leitura),taxonomia §6
LAMA08,LAMA 2008,2008,D2,Landmarks,richter2010lama,primária (nota de leitura),taxonomia §6
LAMA08,LAMA 2008,2008,D3,Variáveis multivaloradas,richter2010lama,primária (nota de leitura),taxonomia §6
LAMA08,LAMA 2008,2008,D4,Planejador único,richter2010lama,primária (nota de leitura),taxonomia §6
FDSS11,Fast Downward Stone Soup 2011,2011,D1,Busca progressiva no espaço de estados,helmert2011fast,primária (nota de leitura),P1; M2: componentes satisficing não listados na nota (D2 pela composição usual dos portfólios do Fast Downward; a confirmar)
FDSS11,Fast Downward Stone Soup 2011,2011,D2,Heurísticas de relaxação,helmert2011fast,primária (nota de leitura),P1; M2: componentes satisficing não listados na nota (D2 pela composição usual dos portfólios do Fast Downward; a confirmar)
FDSS11,Fast Downward Stone Soup 2011,2011,D2,Grafo causal,helmert2011fast,primária (nota de leitura),P1; M2: componentes satisficing não listados na nota (D2 pela composição usual dos portfólios do Fast Downward; a confirmar)
FDSS11,Fast Downward Stone Soup 2011,2011,D2,Landmarks,helmert2011fast,primária (nota de leitura),P1; M2: componentes satisficing não listados na nota (D2 pela composição usual dos portfólios do Fast Downward; a confirmar)
FDSS11,Fast Downward Stone Soup 2011,2011,D3,Variáveis multivaloradas,helmert2011fast,primária (nota de leitura),P1; M2: componentes satisficing não listados na nota (D2 pela composição usual dos portfólios do Fast Downward; a confirmar)
FDSS11,Fast Downward Stone Soup 2011,2011,D4,Portfólio,helmert2011fast,primária (nota de leitura),P1; M2: componentes satisficing não listados na nota (D2 pela composição usual dos portfólios do Fast Downward; a confirmar)
LAMA11,LAMA 2011,2011,D1,Busca progressiva no espaço de estados,richter2010lama,primária (nota de leitura),versão de 2011 do mesmo sistema
LAMA11,LAMA 2011,2011,D2,Heurísticas de relaxação,richter2010lama,primária (nota de leitura),versão de 2011 do mesmo sistema
LAMA11,LAMA 2011,2011,D2,Landmarks,richter2010lama,primária (nota de leitura),versão de 2011 do mesmo sistema
LAMA11,LAMA 2011,2011,D3,Variáveis multivaloradas,richter2010lama,primária (nota de leitura),versão de 2011 do mesmo sistema
LAMA11,LAMA 2011,2011,D4,Planejador único,richter2010lama,primária (nota de leitura),versão de 2011 do mesmo sistema
Probe,Probe,2014,D1,Busca progressiva no espaço de estados,"lequen2026planner (descrição do planejador); código do artefato (main-probe.cxx: BFS + probes, h_add, landmarks)",secundária + código,M1: fonte primária não lida
Probe,Probe,2014,D2,Heurísticas de relaxação,"lequen2026planner (descrição do planejador); código do artefato (main-probe.cxx: BFS + probes, h_add, landmarks)",secundária + código,M1: fonte primária não lida
Probe,Probe,2014,D2,Landmarks,"lequen2026planner (descrição do planejador); código do artefato (main-probe.cxx: BFS + probes, h_add, landmarks)",secundária + código,M1: fonte primária não lida
Probe,Probe,2014,D3,Proposicional / STRIPS clássico,"lequen2026planner (descrição do planejador); código do artefato (main-probe.cxx: BFS + probes, h_add, landmarks)",secundária + código,M1: fonte primária não lida
Probe,Probe,2014,D4,Planejador único,"lequen2026planner (descrição do planejador); código do artefato (main-probe.cxx: BFS + probes, h_add, landmarks)",secundária + código,M1: fonte primária não lida
Merc,Mercury,2014,D1,Busca progressiva no espaço de estados,"lequen2026planner (descrição do planejador)",secundária,M1: fonte primária não lida; N2: valor novo da D2
Merc,Mercury,2014,D2,Relaxação parcial (red-black),"lequen2026planner (descrição do planejador)",secundária,M1: fonte primária não lida; N2: valor novo da D2
Merc,Mercury,2014,D3,Variáveis multivaloradas,"lequen2026planner (descrição do planejador)",secundária,M1: fonte primária não lida; N2: valor novo da D2
Merc,Mercury,2014,D4,Planejador único,"lequen2026planner (descrição do planejador)",secundária,M1: fonte primária não lida; N2: valor novo da D2
MpC,Madagascar (MpC),2014,D1,Compilação para SAT/CSP,rintanen2014madagascar,primária (nota de leitura),N3: valor novo da D2 (a fonte descreve heurísticas de SAT especializadas para planejamento)
MpC,Madagascar (MpC),2014,D2,Heurística de SAT para planejamento,rintanen2014madagascar,primária (nota de leitura),N3: valor novo da D2 (a fonte descreve heurísticas de SAT especializadas para planejamento)
MpC,Madagascar (MpC),2014,D3,Proposicional traduzido em SAT/CNF,rintanen2014madagascar,primária (nota de leitura),N3: valor novo da D2 (a fonte descreve heurísticas de SAT especializadas para planejamento)
MpC,Madagascar (MpC),2014,D4,Planejador único,rintanen2014madagascar,primária (nota de leitura),N3: valor novo da D2 (a fonte descreve heurísticas de SAT especializadas para planejamento)
YAHSP,YAHSP3,2014,D1,Busca progressiva no espaço de estados,vidal2004lookahead; lequen2026planner (descrição do planejador),"primária (nota de leitura, versão de 2004) + secundária",
YAHSP,YAHSP3,2014,D2,Heurísticas de relaxação,vidal2004lookahead; lequen2026planner (descrição do planejador),"primária (nota de leitura, versão de 2004) + secundária",
YAHSP,YAHSP3,2014,D3,Proposicional / STRIPS clássico,vidal2004lookahead; lequen2026planner (descrição do planejador),"primária (nota de leitura, versão de 2004) + secundária",
YAHSP,YAHSP3,2014,D4,Planejador único,vidal2004lookahead; lequen2026planner (descrição do planejador),"primária (nota de leitura, versão de 2004) + secundária",
FDRemix,Fast Downward Remix,2018,D1,Busca progressiva no espaço de estados,https://ipc2018-classical.bitbucket.io/planner-abstracts/team43.pdf,primária (resumo IPC 2018),"P1: componentes dos portfólios Cedalion, Stone Soup 2014 e Uniform, mais variantes do LAMA 2011"
FDRemix,Fast Downward Remix,2018,D2,Heurísticas de relaxação,https://ipc2018-classical.bitbucket.io/planner-abstracts/team43.pdf,primária (resumo IPC 2018),"P1: componentes dos portfólios Cedalion, Stone Soup 2014 e Uniform, mais variantes do LAMA 2011"
FDRemix,Fast Downward Remix,2018,D2,Grafo causal,https://ipc2018-classical.bitbucket.io/planner-abstracts/team43.pdf,primária (resumo IPC 2018),"P1: componentes dos portfólios Cedalion, Stone Soup 2014 e Uniform, mais variantes do LAMA 2011"
FDRemix,Fast Downward Remix,2018,D2,Landmarks,https://ipc2018-classical.bitbucket.io/planner-abstracts/team43.pdf,primária (resumo IPC 2018),"P1: componentes dos portfólios Cedalion, Stone Soup 2014 e Uniform, mais variantes do LAMA 2011"
FDRemix,Fast Downward Remix,2018,D3,Variáveis multivaloradas,https://ipc2018-classical.bitbucket.io/planner-abstracts/team43.pdf,primária (resumo IPC 2018),"P1: componentes dos portfólios Cedalion, Stone Soup 2014 e Uniform, mais variantes do LAMA 2011"
FDRemix,Fast Downward Remix,2018,D4,Portfólio,https://ipc2018-classical.bitbucket.io/planner-abstracts/team43.pdf,primária (resumo IPC 2018),"P1: componentes dos portfólios Cedalion, Stone Soup 2014 e Uniform, mais variantes do LAMA 2011"
LAPKT,LAPKT-BFWS-Preference,2018,D1,Busca por largura/novidade,lipovetzky2017bestfirst; https://ipc2018-classical.bitbucket.io/planner-abstracts/teams_1_20_30_31_36_47.pdf,primária (nota de leitura + resumo IPC 2018),N1: valor da D1 previsto na taxonomia §6; N4: valor novo da D2; BFWS(f5) seguido de WA* do LAMA
LAPKT,LAPKT-BFWS-Preference,2018,D1,Busca progressiva no espaço de estados,lipovetzky2017bestfirst; https://ipc2018-classical.bitbucket.io/planner-abstracts/teams_1_20_30_31_36_47.pdf,primária (nota de leitura + resumo IPC 2018),N1: valor da D1 previsto na taxonomia §6; N4: valor novo da D2; BFWS(f5) seguido de WA* do LAMA
LAPKT,LAPKT-BFWS-Preference,2018,D2,Contagem de metas,lipovetzky2017bestfirst; https://ipc2018-classical.bitbucket.io/planner-abstracts/teams_1_20_30_31_36_47.pdf,primária (nota de leitura + resumo IPC 2018),N1: valor da D1 previsto na taxonomia §6; N4: valor novo da D2; BFWS(f5) seguido de WA* do LAMA
LAPKT,LAPKT-BFWS-Preference,2018,D2,Heurísticas de relaxação,lipovetzky2017bestfirst; https://ipc2018-classical.bitbucket.io/planner-abstracts/teams_1_20_30_31_36_47.pdf,primária (nota de leitura + resumo IPC 2018),N1: valor da D1 previsto na taxonomia §6; N4: valor novo da D2; BFWS(f5) seguido de WA* do LAMA
LAPKT,LAPKT-BFWS-Preference,2018,D3,Proposicional / STRIPS clássico,lipovetzky2017bestfirst; https://ipc2018-classical.bitbucket.io/planner-abstracts/teams_1_20_30_31_36_47.pdf,primária (nota de leitura + resumo IPC 2018),N1: valor da D1 previsto na taxonomia §6; N4: valor novo da D2; BFWS(f5) seguido de WA* do LAMA
LAPKT,LAPKT-BFWS-Preference,2018,D4,Planejador único,lipovetzky2017bestfirst; https://ipc2018-classical.bitbucket.io/planner-abstracts/teams_1_20_30_31_36_47.pdf,primária (nota de leitura + resumo IPC 2018),N1: valor da D1 previsto na taxonomia §6; N4: valor novo da D2; BFWS(f5) seguido de WA* do LAMA
Saar,Saarplan,2018,D1,Busca desacoplada (topologia em estrela),https://ipc2018-classical.bitbucket.io/planner-abstracts/team7.pdf,primária (resumo IPC 2018),P1; N2; N5: valor novo da D1 (busca desacoplada); grey planning e hCFF como relaxação parcial
Saar,Saarplan,2018,D1,Busca progressiva no espaço de estados,https://ipc2018-classical.bitbucket.io/planner-abstracts/team7.pdf,primária (resumo IPC 2018),P1; N2; N5: valor novo da D1 (busca desacoplada); grey planning e hCFF como relaxação parcial
Saar,Saarplan,2018,D2,Relaxação parcial (red-black),https://ipc2018-classical.bitbucket.io/planner-abstracts/team7.pdf,primária (resumo IPC 2018),P1; N2; N5: valor novo da D1 (busca desacoplada); grey planning e hCFF como relaxação parcial
Saar,Saarplan,2018,D3,Variáveis multivaloradas,https://ipc2018-classical.bitbucket.io/planner-abstracts/team7.pdf,primária (resumo IPC 2018),P1; N2; N5: valor novo da D1 (busca desacoplada); grey planning e hCFF como relaxação parcial
Saar,Saarplan,2018,D4,Portfólio,https://ipc2018-classical.bitbucket.io/planner-abstracts/team7.pdf,primária (resumo IPC 2018),P1; N2; N5: valor novo da D1 (busca desacoplada); grey planning e hCFF como relaxação parcial
ANS,Approximate Novelty Search,2023,D1,Busca por largura/novidade,https://ipc2023-classical.github.io/abstracts/planner29_ApxNoveltyFD.pdf,primária (resumo IPC 2023),"N1; N4; D3 inferida da base Fast Downward (nome ApxNoveltyFD), a confirmar"
ANS,Approximate Novelty Search,2023,D2,Contagem de metas,https://ipc2023-classical.github.io/abstracts/planner29_ApxNoveltyFD.pdf,primária (resumo IPC 2023),"N1; N4; D3 inferida da base Fast Downward (nome ApxNoveltyFD), a confirmar"
ANS,Approximate Novelty Search,2023,D3,Variáveis multivaloradas,https://ipc2023-classical.github.io/abstracts/planner29_ApxNoveltyFD.pdf,primária (resumo IPC 2023),"N1; N4; D3 inferida da base Fast Downward (nome ApxNoveltyFD), a confirmar"
ANS,Approximate Novelty Search,2023,D4,Planejador único,https://ipc2023-classical.github.io/abstracts/planner29_ApxNoveltyFD.pdf,primária (resumo IPC 2023),"N1; N4; D3 inferida da base Fast Downward (nome ApxNoveltyFD), a confirmar"
DecS,DecStar,2023,D1,Busca desacoplada (topologia em estrela),https://ipc2023-classical.github.io/abstracts/planner15_decstar.pdf,primária (resumo IPC 2023),N5; busca explícita como alternativa quando não há fatoração
DecS,DecStar,2023,D1,Busca progressiva no espaço de estados,https://ipc2023-classical.github.io/abstracts/planner15_decstar.pdf,primária (resumo IPC 2023),N5; busca explícita como alternativa quando não há fatoração
DecS,DecStar,2023,D2,Heurísticas de relaxação,https://ipc2023-classical.github.io/abstracts/planner15_decstar.pdf,primária (resumo IPC 2023),N5; busca explícita como alternativa quando não há fatoração
DecS,DecStar,2023,D3,Variáveis multivaloradas,https://ipc2023-classical.github.io/abstracts/planner15_decstar.pdf,primária (resumo IPC 2023),N5; busca explícita como alternativa quando não há fatoração
DecS,DecStar,2023,D4,Planejador único,https://ipc2023-classical.github.io/abstracts/planner15_decstar.pdf,primária (resumo IPC 2023),N5; busca explícita como alternativa quando não há fatoração
FDSS23,Fast Downward Stone Soup 2023,2023,D1,Busca progressiva no espaço de estados,https://ipc2023-classical.github.io/abstracts/planner28_fdss_2023.pdf,primária (resumo IPC 2023),"P1: GBFS com hFF, hcea, hCG e hLM"
FDSS23,Fast Downward Stone Soup 2023,2023,D2,Heurísticas de relaxação,https://ipc2023-classical.github.io/abstracts/planner28_fdss_2023.pdf,primária (resumo IPC 2023),"P1: GBFS com hFF, hcea, hCG e hLM"
FDSS23,Fast Downward Stone Soup 2023,2023,D2,Grafo causal,https://ipc2023-classical.github.io/abstracts/planner28_fdss_2023.pdf,primária (resumo IPC 2023),"P1: GBFS com hFF, hcea, hCG e hLM"
FDSS23,Fast Downward Stone Soup 2023,2023,D2,Landmarks,https://ipc2023-classical.github.io/abstracts/planner28_fdss_2023.pdf,primária (resumo IPC 2023),"P1: GBFS com hFF, hcea, hCG e hLM"
FDSS23,Fast Downward Stone Soup 2023,2023,D3,Variáveis multivaloradas,https://ipc2023-classical.github.io/abstracts/planner28_fdss_2023.pdf,primária (resumo IPC 2023),"P1: GBFS com hFF, hcea, hCG e hLM"
FDSS23,Fast Downward Stone Soup 2023,2023,D4,Portfólio,https://ipc2023-classical.github.io/abstracts/planner28_fdss_2023.pdf,primária (resumo IPC 2023),"P1: GBFS com hFF, hcea, hCG e hLM"
Levitron,Levitron,2023,D1,Busca progressiva no espaço de estados,https://ipc2023-classical.github.io/abstracts/planner8_levitron.pdf; https://ipc2023-classical.github.io/abstracts/planner8_maidu.pdf,primária (resumo IPC 2023),"P1; N1; N6: valor novo da D3 (Powerlifted, planejador lifted usado quando o aterramento falha); D2 como no Maidu (M2)"
Levitron,Levitron,2023,D1,Busca por largura/novidade,https://ipc2023-classical.github.io/abstracts/planner8_levitron.pdf; https://ipc2023-classical.github.io/abstracts/planner8_maidu.pdf,primária (resumo IPC 2023),"P1; N1; N6: valor novo da D3 (Powerlifted, planejador lifted usado quando o aterramento falha); D2 como no Maidu (M2)"
Levitron,Levitron,2023,D2,Heurísticas de relaxação,https://ipc2023-classical.github.io/abstracts/planner8_levitron.pdf; https://ipc2023-classical.github.io/abstracts/planner8_maidu.pdf,primária (resumo IPC 2023),"P1; N1; N6: valor novo da D3 (Powerlifted, planejador lifted usado quando o aterramento falha); D2 como no Maidu (M2)"
Levitron,Levitron,2023,D2,Grafo causal,https://ipc2023-classical.github.io/abstracts/planner8_levitron.pdf; https://ipc2023-classical.github.io/abstracts/planner8_maidu.pdf,primária (resumo IPC 2023),"P1; N1; N6: valor novo da D3 (Powerlifted, planejador lifted usado quando o aterramento falha); D2 como no Maidu (M2)"
Levitron,Levitron,2023,D2,Landmarks,https://ipc2023-classical.github.io/abstracts/planner8_levitron.pdf; https://ipc2023-classical.github.io/abstracts/planner8_maidu.pdf,primária (resumo IPC 2023),"P1; N1; N6: valor novo da D3 (Powerlifted, planejador lifted usado quando o aterramento falha); D2 como no Maidu (M2)"
Levitron,Levitron,2023,D3,Variáveis multivaloradas,https://ipc2023-classical.github.io/abstracts/planner8_levitron.pdf; https://ipc2023-classical.github.io/abstracts/planner8_maidu.pdf,primária (resumo IPC 2023),"P1; N1; N6: valor novo da D3 (Powerlifted, planejador lifted usado quando o aterramento falha); D2 como no Maidu (M2)"
Levitron,Levitron,2023,D3,Lifted (sem aterramento),https://ipc2023-classical.github.io/abstracts/planner8_levitron.pdf; https://ipc2023-classical.github.io/abstracts/planner8_maidu.pdf,primária (resumo IPC 2023),"P1; N1; N6: valor novo da D3 (Powerlifted, planejador lifted usado quando o aterramento falha); D2 como no Maidu (M2)"
Levitron,Levitron,2023,D4,Portfólio,https://ipc2023-classical.github.io/abstracts/planner8_levitron.pdf; https://ipc2023-classical.github.io/abstracts/planner8_maidu.pdf,primária (resumo IPC 2023),"P1; N1; N6: valor novo da D3 (Powerlifted, planejador lifted usado quando o aterramento falha); D2 como no Maidu (M2)"
Maidu,Scorpion Maidu,2023,D1,Busca progressiva no espaço de estados,https://ipc2023-classical.github.io/abstracts/planner8_maidu.pdf,primária (resumo IPC 2023),"P1; N1; M2: D2 pelas configurações do Stone Soup 2018 que o resumo cita sem listar, a confirmar"
Maidu,Scorpion Maidu,2023,D1,Busca por largura/novidade,https://ipc2023-classical.github.io/abstracts/planner8_maidu.pdf,primária (resumo IPC 2023),"P1; N1; M2: D2 pelas configurações do Stone Soup 2018 que o resumo cita sem listar, a confirmar"
Maidu,Scorpion Maidu,2023,D2,Heurísticas de relaxação,https://ipc2023-classical.github.io/abstracts/planner8_maidu.pdf,primária (resumo IPC 2023),"P1; N1; M2: D2 pelas configurações do Stone Soup 2018 que o resumo cita sem listar, a confirmar"
Maidu,Scorpion Maidu,2023,D2,Grafo causal,https://ipc2023-classical.github.io/abstracts/planner8_maidu.pdf,primária (resumo IPC 2023),"P1; N1; M2: D2 pelas configurações do Stone Soup 2018 que o resumo cita sem listar, a confirmar"
Maidu,Scorpion Maidu,2023,D2,Landmarks,https://ipc2023-classical.github.io/abstracts/planner8_maidu.pdf,primária (resumo IPC 2023),"P1; N1; M2: D2 pelas configurações do Stone Soup 2018 que o resumo cita sem listar, a confirmar"
Maidu,Scorpion Maidu,2023,D3,Variáveis multivaloradas,https://ipc2023-classical.github.io/abstracts/planner8_maidu.pdf,primária (resumo IPC 2023),"P1; N1; M2: D2 pelas configurações do Stone Soup 2018 que o resumo cita sem listar, a confirmar"
Maidu,Scorpion Maidu,2023,D4,Portfólio,https://ipc2023-classical.github.io/abstracts/planner8_maidu.pdf,primária (resumo IPC 2023),"P1; N1; M2: D2 pelas configurações do Stone Soup 2018 que o resumo cita sem listar, a confirmar"
