dominio,melhor_geral,D1: Busca desacoplada (topologia em estrela),D1: Busca em grafo de planejamento,D1: Busca local,D1: Busca no espaço de planos parciais,D1: Busca por largura/novidade,D1: Busca progressiva no espaço de estados,D1: Busca simbólica (BDD),D1: Compilação para SAT/CSP,D1: Decomposição recursiva por metas,D2: Avaliação heurística da vizinhança,D2: Contagem de metas,D2: Grafo causal,D2: Heurística de SAT para planejamento,D2: Heurísticas de relaxação,D2: Landmarks,D2: Relaxação parcial (red-black),D2: Sem heurística,D3: Grafos de ação,D3: Lifted (sem aterramento),D3: Proposicional / STRIPS clássico,D3: Proposicional traduzido em SAT/CNF,D3: STRIPS/ADL estendido (grafo de planos),D3: Simbólica (BDD),D3: Variáveis multivaloradas
agricola,30,30,0,0,0,30,30,0,3,0,0,30,30,3,30,30,30,0,0,30,29,3,0,0,30
airport,30,26,0,0,0,29,30,0,27,0,0,27,30,27,30,29,26,0,0,29,25,27,0,0,30
barman,30,21,0,3,3,26,30,0,2,7,3,17,29,2,29,29,30,7,3,26,26,2,0,0,30
blocksworld,30,22,1,8,8,27,27,1,5,30,8,10,27,5,27,27,23,30,8,27,30,5,1,1,27
childsnack,30,30,6,4,4,20,30,0,6,2,4,7,20,2,30,20,27,6,4,20,3,6,0,0,30
data-network,27,27,1,0,0,23,27,0,4,0,0,23,22,4,22,22,27,1,0,20,12,4,1,0,27
depots,21,21,0,8,8,19,21,1,8,2,8,19,18,8,18,18,21,2,8,18,16,8,0,1,21
driverlog,30,30,0,7,7,27,30,0,8,0,7,27,27,8,29,29,30,0,7,27,24,8,0,0,30
elevators,30,30,0,0,0,30,30,1,17,0,0,30,30,17,30,30,30,0,0,29,30,17,0,1,30
floortile,15,9,2,3,3,8,9,0,15,1,3,1,8,15,8,8,9,2,3,8,2,15,0,0,9
freecell,29,26,3,3,3,29,29,1,10,1,3,29,29,10,29,29,26,3,3,28,28,10,3,1,29
ged,30,30,0,3,3,30,30,0,3,0,3,27,30,3,30,30,30,0,3,30,27,3,0,0,30
grid,18,18,2,3,3,18,18,4,4,0,3,8,18,4,18,18,10,2,3,18,14,4,1,4,18
gripper,30,30,0,27,27,30,30,8,30,30,27,30,30,30,30,30,30,30,27,30,30,30,0,8,30
hiking,28,23,0,1,1,18,28,0,0,0,1,10,28,0,28,28,23,0,1,18,9,0,0,0,28
logistics,30,30,0,2,2,14,30,0,7,0,2,8,20,7,30,20,17,0,2,14,21,7,0,0,30
miconic,30,30,0,29,29,30,30,0,30,30,29,30,30,30,30,30,30,30,29,30,30,30,0,0,30
mprime,23,14,1,6,6,22,23,2,7,0,6,11,23,7,23,23,14,1,6,20,11,7,1,2,23
nomystery,28,22,0,0,0,21,28,1,5,0,0,11,28,5,28,28,25,0,0,21,10,5,0,1,28
openstacks,30,30,0,2,2,30,30,0,6,30,2,27,30,6,30,30,30,30,2,30,30,6,0,0,30
organic-synthesis-split,20,16,0,0,0,16,20,0,2,0,0,10,20,2,20,20,20,0,0,16,9,2,0,0,20
parcprinter,30,30,0,24,24,30,30,0,30,12,24,16,30,30,30,30,30,12,24,30,30,30,0,0,30
parking,25,20,0,0,0,23,25,0,5,0,0,22,23,5,25,23,24,0,0,23,25,5,0,0,24
pegsol,30,30,23,12,12,30,30,22,29,0,12,30,30,29,30,30,30,23,12,30,30,29,23,22,30
pipesworld-notankage,30,26,1,5,5,30,29,0,6,0,5,30,29,6,29,29,26,1,5,29,29,6,1,0,30
pipesworld-tankage,30,30,0,2,2,30,30,0,3,0,2,30,30,3,30,30,30,0,2,30,30,3,0,0,30
rovers,30,30,0,18,18,30,30,10,30,30,18,30,30,30,30,30,30,30,18,30,30,30,0,10,30
satellite,30,19,2,8,8,25,30,2,10,30,8,11,25,10,30,25,20,30,8,25,30,10,0,2,25
scanalyzer,30,20,1,11,11,30,30,1,8,30,11,18,30,8,30,30,21,30,11,30,30,8,1,1,30
snake,30,15,0,0,0,30,30,0,9,0,0,30,30,9,30,30,15,0,0,30,20,9,0,0,30
sokoban,27,27,2,0,0,26,27,9,7,0,0,19,26,7,26,26,27,2,0,26,21,7,2,9,27
storage,27,27,0,0,0,20,27,0,9,0,0,20,17,9,20,17,27,0,0,16,20,9,0,0,27
termes,21,21,0,0,0,20,21,0,0,0,0,4,20,0,21,21,21,0,0,20,9,0,0,0,21
tetris,11,9,0,0,0,11,11,1,0,1,0,11,10,0,11,10,7,1,0,10,11,0,0,1,10
thoughtful,30,27,0,0,0,30,30,0,0,0,0,30,30,0,30,30,27,0,0,30,30,0,0,0,30
tidybot,25,23,2,0,0,24,25,0,5,0,0,24,22,5,25,25,23,2,0,22,25,5,2,0,23
tpp,30,21,0,0,0,23,23,2,8,30,0,14,23,8,23,23,21,30,0,23,30,8,0,2,23
transport,23,22,0,0,0,18,23,1,3,0,0,18,19,3,22,19,23,0,0,17,21,3,0,1,23
visitall,17,17,0,0,0,17,17,0,7,3,0,17,17,7,17,17,17,3,0,17,17,7,0,0,17
woodworking,22,22,1,0,0,10,22,0,8,0,0,7,13,8,16,16,22,1,0,10,11,8,0,0,22
zenotravel,29,15,4,6,6,16,29,0,8,0,6,11,16,8,29,16,16,4,6,16,21,8,4,0,16
