,Blackbox,IPP,FF,R,LPG,Fast D.,YAHSP,SGPlan,SatPlan,MaxPlan
State-Space,"5,88","5,88","5,88","5,88",,"5,88","5,88",,,
Plan-Space,,,,,"7,29",,,"7,29","7,29","7,29"
Partial-order,,,,"6,53","6,53",,,"6,53","6,53","6,53"
Total-order,"6,59","6,59","6,59",,,"6,59","6,59",,,
Hierarchical,,,,,,"8,82",,,,
Forward-chaining,"6,71","6,71","6,71","6,71","6,71","6,71","6,71","6,71","6,71","6,71"
Backward-chaining,,,,"3,88",,,,,,
Graph-based,"6,12","6,12","6,12",,"6,12",,"6,12",,"6,12","6,12"
Knowledge-based,,,,,,,"8,24",,,
SAT-based,"5,24",,,,,,,,"5,24","5,24"
Heurist Search,,,"8,24",,"8,24","8,24","8,24",,,
MÉDIA,"6,10","6,32","6,70","5,75","6,90","7,24","6,90","6,84","6,40","6,40"
