trilha,dominio,problema,numero,arquivo,ligacao
seq-opt,barman,1716685c50b3bdaa2ac459d97b9e7af1352f61a9,9,pfile03-009.pddl,sha1
seq-opt,barman,1bb0a245c4a98b11edcedad717e35b0ec09cebaa,2,pfile01-002.pddl,sha1
seq-opt,barman,1f5f4e8007b9d2a4052171b8d61b334951f0ac48,16,pfile04-016.pddl,sha1
seq-opt,barman,21aab034538c96d5a086e3506e26648b19bd6674,5,pfile02-005.pddl,sha1
seq-opt,barman,22d01d60087c6a9cadf912d999914f784855e580,17,pfile05-017.pddl,sha1
seq-opt,barman,28060a20ed0d1da97151ab93b5319c149bf5a0ce,20,pfile05-020.pddl,sha1
seq-opt,barman,317661d33b26aab2ad09daf6a51c925231a64e5c,11,pfile03-011.pddl,sha1
seq-opt,barman,3c5079ca740dcdd5c953dd7baa9b73eeca8f9e33,19,pfile05-019.pddl,sha1
seq-opt,barman,416b71cfd1231e8ffc4759ada0f60d7b4cf4a4c1,13,pfile04-013.pddl,sha1
seq-opt,barman,4c67ba6b081e303b12865f3c54df8d9e0b948ff7,7,pfile02-007.pddl,sha1
seq-opt,barman,7d67f541a5f6a5a3387a1f0f9a95a1acd399335e,12,pfile03-012.pddl,sha1
seq-opt,barman,8cd3cf9e645da2010d901759e091c8b601726663,4,pfile01-004.pddl,sha1
seq-opt,barman,9e89f858408c63d5b8bb302e5194367df1ac3a8e,6,pfile02-006.pddl,sha1
seq-opt,barman,a6123b34fc415f4aea4efc42251c23ae5f5f1817,3,pfile01-003.pddl,sha1
seq-opt,barman,aa411dafa17024a0574daeb638bc7d8d717704a5,10,pfile03-010.pddl,sha1
seq-opt,barman,b2afa6821862e0b34bd42d2fecc2e5180d9949ca,18,pfile05-018.pddl,sha1
seq-opt,barman,bdcf1d2bb01c777e9164c8683a233af49dc6cf5c,15,pfile04-015.pddl,sha1
seq-opt,barman,d2861b9e510f2aa2b352d4f0c88837b4b6b53986,8,pfile02-008.pddl,sha1
seq-opt,barman,e5d3c08c085d6b961bf99bf3a9dd830b6b8dfb47,14,pfile04-014.pddl,sha1
seq-opt,barman,fa3edefdc3bcf9450838f4f94eaefb28fc6231ef,1,pfile01-001.pddl,sha1
seq-opt,elevators,0cec630d6187c277131476b52a5bef0ab07b0fdb,19,p19.pddl,sha1
seq-opt,elevators,0f15422a99bc42334e9289c678c94b738bbdb1e8,15,p15.pddl,sha1
seq-opt,elevators,0f930dede30b30e85f89a640fb15b38f15bef3ae,3,p03.pddl,sha1
seq-opt,elevators,1eaa3ebc59a3701bc706b1e32e0afb6b99f5b7f8,7,p07.pddl,sha1
seq-opt,elevators,26867706e984ca5d2bd9fd939cfe142a9a2ce9d8,1,p01.pddl,sha1
seq-opt,elevators,287d4a89b9d01d71a04c2ec3fad6f8df3d8fbd85,11,p11.pddl,sha1
seq-opt,elevators,28fc316f39c3961a142c2e7410c96ebfd30835bb,5,p05.pddl,sha1
seq-opt,elevators,3027d6ce5e4947c01764c2fb5d1afdf00a8a81c0,4,p04.pddl,sha1
seq-opt,elevators,491a1094d61db3b4ca9846e1a2c5519ab1b1e556,16,p16.pddl,sha1
seq-opt,elevators,50061e1177f77d5f80eb58d7939562335b9456cd,9,p09.pddl,sha1
seq-opt,elevators,505321ab6c92bdf0571ea0bd5cf369688e7f76ed,6,p06.pddl,sha1
seq-opt,elevators,5b71864d9b463d5f46bc22ce71edfd0ed14d1b2c,17,p17.pddl,sha1
seq-opt,elevators,6062230d3a8e22ecf3ac4987ce9932b08255e092,14,p14.pddl,sha1
seq-opt,elevators,69c4dde7144d8595f90225179d14ddaa0fb62ce4,13,p13.pddl,sha1
seq-opt,elevators,786da4a56b380b71addc9b70950a698bb2b38749,10,p10.pddl,sha1
seq-opt,elevators,7e7235e0021960fdad87cdbf4f6256ea5b41f2a2,12,p12.pddl,sha1
seq-opt,elevators,94ee26a2aa007649dc6b5e9d13d4cbba2563c135,20,p20.pddl,sha1
seq-opt,elevators,9644ba850cdeee7ee1979d78af8a255e9c6b0994,2,p02.pddl,sha1
seq-opt,elevators,bbd6168f23aa8d46af84a1f04a92aac688c643cd,18,p18.pddl,sha1
seq-opt,elevators,ddea96850cc672cc2388fadb97c8ee3631550c2e,8,p08.pddl,sha1
seq-opt,floortile,1d176ae578fd2933b9f72f95f25b80363b673d27,15,opt-p08-015.pddl,sha1
seq-opt,floortile,2de2053b9f2a045e7e9bce747e1a5f54d576cb9d,18,opt-p09-018.pddl,sha1
seq-opt,floortile,338d932a22528f91ea0014dd5b5158da11d05240,13,opt-p07-013.pddl,sha1
seq-opt,floortile,3827e9e8dea0af8d52f8063557f6a2e8a9369538,12,opt-p06-012.pddl,sha1
seq-opt,floortile,394b1a399ba526fb7959f8c85f3975851c3b5ecf,5,opt-p03-005.pddl,sha1
seq-opt,floortile,3db2ec4590adc1b0b0baa37030f91bac25b45190,11,opt-p06-011.pddl,sha1
seq-opt,floortile,4502f11d40952d44b5a0df4211760fd1e58777ce,14,opt-p07-014.pddl,sha1
seq-opt,floortile,4d637d6a889d59d7c2e4c5470979efcb3feb4b7e,1,opt-p01-001.pddl,sha1
seq-opt,floortile,53514b031bdb12d3104dc0b47790c19c715bc693,10,opt-p05-010.pddl,sha1
seq-opt,floortile,5d46099326279013abbf2a9dbb9fe50669f3afae,20,opt-p10-020.pddl,sha1
seq-opt,floortile,6283d6bb85f97f58a6a796038d3c078a4c2a304b,16,opt-p08-016.pddl,sha1
seq-opt,floortile,713677fc1f50dc0969709dde4db1540d6a0d83d0,3,opt-p02-003.pddl,sha1
seq-opt,floortile,7b7c7afd0aff2dd220eb51a9f12812d14cb22ccd,9,opt-p05-009.pddl,sha1
seq-opt,floortile,89ff8d49ff79f86a7daf55c2d5481d6519ea3b6a,19,opt-p10-019.pddl,sha1
seq-opt,floortile,9b47427b0f3996cf7185a82f16d0eaaef78347ab,4,opt-p02-004.pddl,sha1
seq-opt,floortile,a060816504f4c87a64e2e014cd6b4246c6cee124,6,opt-p03-006.pddl,sha1
seq-opt,floortile,a2b6c18f121c25d0d830898dba7636232a54a32d,17,opt-p09-017.pddl,sha1
seq-opt,floortile,c13f2def516a09b990e598e52fdcad9f370baf77,8,opt-p04-008.pddl,sha1
seq-opt,floortile,d3271e670fbbc6664b3db077f191b8ed174da0b7,2,opt-p01-002.pddl,sha1
seq-opt,floortile,e8e49f19df0b0d2412cd2397a337de4678cfb5c5,7,opt-p04-007.pddl,sha1
seq-opt,nomystery,017a5b49589b628c94f6d64ffe6cac1858e72ff2,11,p11.pddl,sha1
seq-opt,nomystery,02ec6f0709058804c1181197c372125f991cd800,8,p08.pddl,sha1
seq-opt,nomystery,0af927eb95d1c42930ed1eb5901a993084376359,4,p04.pddl,sha1
seq-opt,nomystery,12d5d937b0eb1dd386de5380e3559fa13cea4222,12,p12.pddl,sha1
seq-opt,nomystery,16720021f6ad48a854d56a18aee9e9e44f8f9464,9,p09.pddl,sha1
seq-opt,nomystery,26749624fed78591a278ff5d21ab02064f07abb6,13,p13.pddl,sha1
seq-opt,nomystery,40771261f38141f491a6cd41b7f3a029f8148771,10,p10.pddl,sha1
seq-opt,nomystery,62e5eeeba80e3ab8a06d12183a983a07b12502c1,16,p16.pddl,sha1
seq-opt,nomystery,7601fc8007cd119bec978f029041beaa22caaf70,14,p14.pddl,sha1
seq-opt,nomystery,8a49bed542c30bac2b8c50f4d6d48625d94af677,3,p03.pddl,sha1
seq-opt,nomystery,9ce9bd07919361b656dc514c53658362ea97c169,7,p07.pddl,sha1
seq-opt,nomystery,b623e952727aee316d84873f23f9d0c7c86d7bc6,15,p15.pddl,sha1
seq-opt,nomystery,b6e3f1b111da73158d2ad9d45f33aded4e9ad14d,18,p18.pddl,sha1
seq-opt,nomystery,c6873d34710f449f8c19d67050c0bae508f2b2b4,1,p01.pddl,sha1
seq-opt,nomystery,cd37bfdb7c09a09eae423d84d048b6e4594f2173,5,p05.pddl,sha1
seq-opt,nomystery,ce32cf405ed42e79a9f51d6f372f25c7de4c5e46,2,p02.pddl,sha1
seq-opt,nomystery,d78b3feed55cb35b3165a7dc5b550bd11cd746c0,20,p20.pddl,sha1
seq-opt,nomystery,e1a61beebfb473317db26bebfc400c41e5614dc6,17,p17.pddl,sha1
seq-opt,nomystery,f2128eecced93f6ddcb36d4b0ee184eaa0552510,6,p06.pddl,sha1
seq-opt,nomystery,f31a68a1aa838d0ecbfeb7584cee6ba0c064ac12,19,p19.pddl,sha1
seq-opt,openstacks,2576582a934cdb5a483eb0d8084f9eb65f471efb,5,p05.pddl,sha1
seq-opt,openstacks,31c2665d89fb1988e0fd94f2acce78cf4178b36a,10,p10.pddl,sha1
seq-opt,openstacks,34a10906fe5d14af16222b2dca333b3cac529267,7,p07.pddl,sha1
seq-opt,openstacks,48df6d798c75e9ec2c8314c78f14489f152b9545,3,p03.pddl,sha1
seq-opt,openstacks,563beabf6f26c6afb0fd3e417f1ac97ba198374c,8,p08.pddl,sha1
seq-opt,openstacks,5be61529fc126c74e9a2289197e505438cb0ed21,17,p17.pddl,sha1
seq-opt,openstacks,679f016a19d07bdfd7b162e2f1ee9b6327745887,4,p04.pddl,sha1
seq-opt,openstacks,7c69911fe5e94ba8d3dafedde5631f4cf2e49795,13,p13.pddl,sha1
seq-opt,openstacks,7dd1a8a29fc0c61c3074f09935e68913f629a052,6,p06.pddl,sha1
seq-opt,openstacks,7fc10f1d3b7148415b2f97c3d65400da163c9876,20,p20.pddl,sha1
seq-opt,openstacks,80dc8abc963a1e99c80d53f7bbb85283670f4c3e,18,p18.pddl,sha1
seq-opt,openstacks,ae575fb33bc5969160ba174878362241eae83873,2,p02.pddl,sha1
seq-opt,openstacks,afd24eebec470830884f6c73fc141176f8a269c9,11,p11.pddl,sha1
seq-opt,openstacks,c1ad44da11679ddb94580be66332f15b3226a717,19,p19.pddl,sha1
seq-opt,openstacks,c295c67fa72468bbcf50a4f6fdfddd8f857a887d,12,p12.pddl,sha1
seq-opt,openstacks,c3ed3b3e529427cedb41e0658b2e38b7a6d10b56,14,p14.pddl,sha1
seq-opt,openstacks,d32ab140b251e1d443db53ed07ec3862df518d15,9,p09.pddl,sha1
seq-opt,openstacks,df02baba927eb47f882b7912cb8481637bb03432,15,p15.pddl,sha1
seq-opt,openstacks,ec336a553afa4b403acf7ce1f6ad6b06a64ce174,1,p01.pddl,sha1
seq-opt,openstacks,fdd9f8467e2e89e3daeab3728c9560fb1caedc10,16,p16.pddl,sha1
seq-opt,parcprinter,0d3a4dfd88957eda7118309bd2690aa150f7285e,16,p16.pddl,sha1
seq-opt,parcprinter,0f4c263c622ac61bf9c8590fa36594f6ebfeb8bd,18,p18.pddl,sha1+numero
seq-opt,parcprinter,106d5b850e368f42ef47234bdbefaba3942d1d58,15,p15.pddl,sha1
seq-opt,parcprinter,235eda329edeb40381e8493a661ea244fe0d2af4,4,p04.pddl,sha1
seq-opt,parcprinter,2558bc174e7016e8dc2b7620a5e075e06bab825c,12,p12.pddl,sha1+numero
seq-opt,parcprinter,278e6db3db799ca2d39c17caec2ecdd94f75c3c4,13,p13.pddl,sha1
seq-opt,parcprinter,39afd553781422f106e46b9ba9d87e34b740547a,10,p10.pddl,sha1+numero
seq-opt,parcprinter,6e41b37b087bf58d87d5eef8cb10d6420376b381,14,p14.pddl,sha1
seq-opt,parcprinter,71cc9dd164be040da6725c52cd7b8f66edb6afd7,9,p09.pddl,sha1+numero
seq-opt,parcprinter,7deb2de955a153d33ce07a939304648c2b739cd6,19,p19.pddl,sha1+numero
seq-opt,parcprinter,80a7373369d7f1bf9070e7efcb8ca4a4b4b88c42,8,p08.pddl,sha1+numero
seq-opt,parcprinter,a605629563c909c537585e6ea6dc14a30d913a65,7,p07.pddl,sha1
seq-opt,parcprinter,ac755e84bc70a2c5698662887f58f300520049e2,3,p03.pddl,sha1+numero
seq-opt,parcprinter,b802fd2328e9db8cc9b28664df3d096c5ed0dbb7,2,p02.pddl,sha1
seq-opt,parcprinter,bebbba119e1723d76d6501f2c600d3d719f3f102,5,p05.pddl,sha1+numero
seq-opt,parcprinter,bfbe80f1a3293f58d12ac15c0bfc8f3547865c66,17,p17.pddl,sha1+numero
seq-opt,parcprinter,d51dc09dae5ed00ef1b00bacd7b617f53a74b9b2,6,p06.pddl,sha1
seq-opt,parcprinter,d5a8a07bec535918360880cb7eb7d29f1cf64043,11,p11.pddl,sha1+numero
seq-opt,parcprinter,fd8e8bfc16151d9a5df4f45d4047e0f43fed7fef,20,p20.pddl,sha1+numero
seq-opt,parcprinter,ff300fbf3f0c8ecafb94af0297e23aea914dd1a8,1,p01.pddl,sha1+numero
seq-opt,parking,04b3a9566d0090ae16e9670e0e3fbec079d7fa96,27,pfile07-027.pddl,sha1
seq-opt,parking,1823931bd915626c6a6bcf0f721b04c8639d94d5,17,pfile05-017.pddl,sha1
seq-opt,parking,1cf6b789e5770e573129ce88c152006d8e1b1bb4,24,pfile06-024.pddl,sha1
seq-opt,parking,2dfecd33355b68cbfcb8b00be6598ea681debff9,11,pfile03-011.pddl,sha1
seq-opt,parking,3e1013cb5a2011f9e03a93de24e33a0090581176,22,pfile06-022.pddl,sha1
seq-opt,parking,3fdb1453e987264f0bb68c6dee03c091571fea9f,29,pfile08-029.pddl,sha1
seq-opt,parking,433ce970f17d8bd574899780e0714c3885a957d2,21,pfile06-021.pddl,sha1
seq-opt,parking,5841ca09204c2d1da286c075a09e40b5b466cea2,15,pfile04-015.pddl,sha1
seq-opt,parking,65e574958662d1649ad3f444764708e4b194329c,14,pfile04-014.pddl,sha1
seq-opt,parking,69beca18546438322b69e08fbf265048d0c89714,16,pfile04-016.pddl,sha1
seq-opt,parking,739698f56a495f8ff74b8baf69667608da8c4e56,12,pfile03-012.pddl,sha1
seq-opt,parking,7ab3509e924dd981a136b2cb458acfd711ccdab6,18,pfile05-018.pddl,sha1
seq-opt,parking,96b8f3379c0e1ef4e0c14473bbf7113e4cb4c7c3,20,pfile05-020.pddl,sha1
seq-opt,parking,98f56e4b07b02b2d7169fb0b07d5c7116bbfcc8c,25,pfile07-025.pddl,sha1
seq-opt,parking,a1d206e7c948bf6fbccd239c823f625906263ff7,26,pfile07-026.pddl,sha1
seq-opt,parking,ab4bcff8fb22321e76cb6ca6d5fcc727f5a0eff1,19,pfile05-019.pddl,sha1
seq-opt,parking,affb510ed4adf4914ec465f75e4f90ebdc73af40,23,pfile06-023.pddl,sha1
seq-opt,parking,bf1b38b5bf99df07ed50ca6949e1f59563848619,30,pfile08-030.pddl,sha1
seq-opt,parking,c30567b08e47a56dfa77dee05159f786ba4ba426,13,pfile04-013.pddl,sha1
seq-opt,parking,d34f311360426cbb877487f54580d41652cf3a00,28,pfile07-028.pddl,sha1
seq-opt,pegsol,17f91467a9f61c0f3de3c583c35bfbbc4d991097,2,p02.pddl,sha1
seq-opt,pegsol,3df6032fafc56f8c5ae5a995a304645c1b900d43,3,p03.pddl,sha1
seq-opt,pegsol,40f967bc95cb53d144dcaff0e0b405c0c8609aca,16,p16.pddl,sha1
seq-opt,pegsol,5c95a9d5293e7f0669e5fb63710d9aed907e4f44,14,p14.pddl,sha1
seq-opt,pegsol,611b2ba4121eccf031b34a46bf3dd1e58f801813,18,p18.pddl,sha1
seq-opt,pegsol,664584c768399f36f4cbd6e47e59f973d854a3d9,11,p11.pddl,sha1
seq-opt,pegsol,73f7e7b194d3261994ff12725dd983b24748cea4,12,p12.pddl,sha1
seq-opt,pegsol,8365838fba8fda9885fda372bfeeb8e879032aa2,7,p07.pddl,sha1
seq-opt,pegsol,877a9e313ac49f0cf72a491e218e89a06d869462,20,p20.pddl,sha1
seq-opt,pegsol,ac60b6bd463edb539045ce5dc13e114addebeafa,9,p09.pddl,sha1
seq-opt,pegsol,ad21887bacd8674d916daf137533a01d29a1bf45,17,p17.pddl,sha1
seq-opt,pegsol,b24f7ce4fbd3911368b43e72c0b06008769f2f90,10,p10.pddl,sha1
seq-opt,pegsol,bc35a4dc7fa1589357eee9855203d7b42ef1c9f0,5,p05.pddl,sha1
seq-opt,pegsol,bd56eb44636cbdc7b33f6fb04e98f30f9b763d56,6,p06.pddl,sha1
seq-opt,pegsol,c116b64d435793f8636c88574be5f4c875db7a42,4,p04.pddl,sha1
seq-opt,pegsol,ce41c2035fcfd10fd5ea21382d54b4bd69c2b3f1,8,p08.pddl,sha1
seq-opt,pegsol,db90b332fc09ca07f5a818b4556b28a609dcd968,15,p15.pddl,sha1
seq-opt,pegsol,e05a650f2a701e0f904c1c2e9ad332021a501e3c,13,p13.pddl,sha1
seq-opt,pegsol,eb0c1aee4ce8db46cf4d3f6ea1dc839291f91235,1,p01.pddl,sha1
seq-opt,pegsol,ed78de8e059cc1d77fad87446ae07026782d50d2,19,p19.pddl,sha1
seq-opt,scanalyzer,05854f25b0e8db7b39fc6abc17793644730b5039,8,p08.pddl,sha1
seq-opt,scanalyzer,129e16dd1262d24b0d671cccdc79be6b27632b64,10,p10.pddl,sha1
seq-opt,scanalyzer,21f6e72a03b686c73d5fea5d011a78e839842acd,11,p11.pddl,sha1
seq-opt,scanalyzer,2bc4910f09e60eda0dafa04e2f615ebdf40488fd,2,p02.pddl,sha1
seq-opt,scanalyzer,2d0d20b7b56fa97b8c35a11bd55710930f856a7c,6,p06.pddl,sha1
seq-opt,scanalyzer,486b31615d7fe4922d97f3b6e696bbc064738355,20,p20.pddl,sha1
seq-opt,scanalyzer,5b53b7e461ba2bd5f942bc02cb0994b42d1dfc87,7,p07.pddl,sha1
seq-opt,scanalyzer,61239745d89883d676facd61a34c293ba4e036cc,17,p17.pddl,sha1
seq-opt,scanalyzer,63d83b4a2ded9d500123ca4525ce3a5863d43082,9,p09.pddl,sha1
seq-opt,scanalyzer,736a114354f8a91501c81919bc7c1c8d6fb1ba2e,13,p13.pddl,sha1
seq-opt,scanalyzer,8cdc5d42f9be1b14d4db087f3bde086e1e01ab87,4,p04.pddl,sha1
seq-opt,scanalyzer,a9a5c140b56100a9bd1ced02c8c86744d13dfdb9,14,p14.pddl,sha1
seq-opt,scanalyzer,af81dba6c6341a2903520e3a62085c9417265070,12,p12.pddl,sha1
seq-opt,scanalyzer,b090e2aff454c8997a7b050b1af98aff2173009c,1,p01.pddl,sha1
seq-opt,scanalyzer,b3cbe9704c77bb3b175ee66035e060b851c874fd,5,p05.pddl,sha1
seq-opt,scanalyzer,ce8f498aa3d9e60e1cebb170ddc472b2a2d19f30,18,p18.pddl,sha1
seq-opt,scanalyzer,deeb605dc9e9ed182b18e62cbc6c46c2b4c43a9c,16,p16.pddl,sha1
seq-opt,scanalyzer,f8a2843d8a8c5df6508db30c722f0f5310ec864b,19,p19.pddl,sha1
seq-opt,scanalyzer,fa2d6a4c977c92ccb29aa31fee663bfb7fbe8518,15,p15.pddl,sha1
seq-opt,scanalyzer,fbd09f8bc88e9490cb6afb7e44a913093f9d80e7,3,p03.pddl,sha1
seq-opt,sokoban,01f9c52f60acf0afcf491d9346e21072c7fc00ca,6,p06.pddl,sha1
seq-opt,sokoban,0d92dc91e5438b9f72d1533b902a2579490a46d3,19,p19.pddl,sha1
seq-opt,sokoban,14ca11d3415668ad40d8901dc4ebe302ec017beb,10,p10.pddl,sha1
seq-opt,sokoban,18de5f2c6fa957126207c76b0d0122fd06000854,1,p01.pddl,sha1
seq-opt,sokoban,24228a1967140c2c651d6e474befd343307600ec,11,p11.pddl,sha1
seq-opt,sokoban,27000a5c7a387c39af37cf4e9f1477ed3b25a7da,15,p15.pddl,sha1
seq-opt,sokoban,29dcd24ea2b31568ceb0b1bc6e291cfa05a0d836,20,p20.pddl,sha1
seq-opt,sokoban,4103862e25f515e57bd7300a1f3f54d48ce01aaa,3,p03.pddl,sha1
seq-opt,sokoban,47d99c4ea54e560135479909beb98d9b582de456,9,p09.pddl,sha1
seq-opt,sokoban,63c00b49ac832b06ec8f5c1e41ca469f97c9616c,7,p07.pddl,sha1
seq-opt,sokoban,65cf7a161e4ff28ea67338d813370650fc63d4c9,5,p05.pddl,sha1
seq-opt,sokoban,705b14da6dacca8c1be61b579f5f3c93f03b67a5,18,p18.pddl,sha1
seq-opt,sokoban,730706a6114b218235c29a2b813fa89ee4668ff0,17,p17.pddl,sha1
seq-opt,sokoban,857f42fddf5086eea5fef5e6684e2120e266533c,12,p12.pddl,sha1
seq-opt,sokoban,8cdf00327d620651663dce552435ea6ca5c3dcc6,13,p13.pddl,sha1
seq-opt,sokoban,abfc1b798803683b2696635491d51b31ee225c7f,14,p14.pddl,sha1
seq-opt,sokoban,b07a36719576824564b5a71ed8c07274c8dce51b,16,p16.pddl,sha1
seq-opt,sokoban,b385da4b1e45f66c852666cc4d02e7cf137eaf32,2,p02.pddl,sha1
seq-opt,sokoban,dc099c9e49fb18736e1a7aed90b355b2d3483efa,8,p08.pddl,sha1
seq-opt,sokoban,ebd98524ba9649c1a5cec6b80abfbc568338a083,4,p04.pddl,sha1
seq-opt,tidybot,04c995595e77fc5c4dce069b2180ef7a384c63a0,7,p07.pddl,sha1
seq-opt,tidybot,0c477b2af9725e02afd2dbc42f564aaaac12e90c,3,p03.pddl,sha1
seq-opt,tidybot,129ca03a1d9652a5729e5508532da04f143b9c8d,8,p08.pddl,sha1
seq-opt,tidybot,13ddfee5d2eade22ab69ed3e8b9cc0a98a002078,17,p17.pddl,sha1
seq-opt,tidybot,3df2bd5444af137cc6dfe00e49017d0f7bbe0e40,14,p14.pddl,sha1
seq-opt,tidybot,424eff3e78797dfb87351e76460cbc8bd047a995,13,p13.pddl,sha1
seq-opt,tidybot,476cf140b51803cfe49db9655ace8ac63c7fa6bf,1,p01.pddl,sha1
seq-opt,tidybot,4a1ab6d9124997aca1d3ffc525dd240eb248591d,2,p02.pddl,sha1
seq-opt,tidybot,4c95a4edeeb13b922aea994187e3bf0c0cf96785,12,p12.pddl,sha1
seq-opt,tidybot,4d3c058389ee1b4a914aa8fc051ea40239161baf,18,p18.pddl,sha1
seq-opt,tidybot,575e2e13f5d6042bc0e1998c98ced824eae0a171,19,p19.pddl,sha1
seq-opt,tidybot,7d7d8a90c76fae23975d75cb635d0da3b164e394,6,p06.pddl,sha1
seq-opt,tidybot,839b408123043c4f4055b3fdd290fce2fc9e1a03,16,p16.pddl,sha1
seq-opt,tidybot,a769d4176dcae1a34591dba0a9112aa1176d65ec,10,p10.pddl,sha1
seq-opt,tidybot,bde5e0c6f16799353294ba827f2190c8cc81123d,9,p09.pddl,sha1
seq-opt,tidybot,c2f60a7e4d411cd1f1243757a4b5a48ebc99eebe,4,p04.pddl,sha1
seq-opt,tidybot,c9b809fd405fd5131dae1c73b8e318969a060b2d,20,p20.pddl,sha1
seq-opt,tidybot,dedd05faf1d7627c108e6b2f5855133962775afd,15,p15.pddl,sha1
seq-opt,tidybot,e2c60188e551a6de5e466df5d4519e01c3b49c8a,5,p05.pddl,sha1
seq-opt,tidybot,f401d8a4c66e63f9ce604afd8015582084fcc9e5,11,p11.pddl,sha1
seq-opt,transport,135f4a4e50bc77069d6b79e193e74e7d14a6562b,1,p01.pddl,sha1
seq-opt,transport,1e29ab140703ba28c8ac6ce47b8f68bbf8b501fc,14,p14.pddl,sha1
seq-opt,transport,235266d6adc35a23df995e928d7cc626964589d4,15,p15.pddl,sha1
seq-opt,transport,24c919675662a9fdb2ddd3746af08e27a8ab8c3e,18,p18.pddl,sha1
seq-opt,transport,31392d86780081b463f20b5e1f43ad0cba6dcf94,10,p10.pddl,sha1
seq-opt,transport,5a4b372dce5e2df44ab1923b44015be8e3ea3df7,2,p02.pddl,sha1
seq-opt,transport,688e28328a14aab86ff42fa3ea03acb6aa26d90c,5,p05.pddl,sha1
seq-opt,transport,8208c818b8ee095b76d116d31a5b0c9f67d605de,3,p03.pddl,sha1
seq-opt,transport,8a76a93dde42755e0a45159eb7a5b2cb26137737,6,p06.pddl,sha1
seq-opt,transport,8f23bc33567903faf573463f3fae5a0d5944dc46,9,p09.pddl,sha1
seq-opt,transport,a0c2fb9368d5d2c2e8bfd71cea2a3e39d20b9caf,19,p19.pddl,sha1
seq-opt,transport,ad491e6f08d4fbfa7c82aeadef473d81c26495da,20,p20.pddl,sha1
seq-opt,transport,b8d3ad0bf1a7ad7d8ec7535c47bcbec2296e5435,11,p11.pddl,sha1
seq-opt,transport,c55a2abc874876b905c7a50b1f0e3c88e1ef61e0,17,p17.pddl,sha1
seq-opt,transport,d648162c361f57778b98298c467f18b4c931f1cd,16,p16.pddl,sha1
seq-opt,transport,dfb9225ef82ec0b1bcc16b578aa645d11a6c5c73,8,p08.pddl,sha1
seq-opt,transport,ef2007679588d5f4bf379ff85940aab4bbc5dade,13,p13.pddl,sha1
seq-opt,transport,f5b7ee69fb65dfa9a14407cc2ecf7b4abcbf318b,12,p12.pddl,sha1
seq-opt,transport,f771eeb808ca7ef952e3563a6fa3ea9f4b6339b1,7,p07.pddl,sha1
seq-opt,transport,f85e206a9b3a96f54265df9068276dab17d1f7a3,4,p04.pddl,sha1
seq-opt,visitall,01f4f8fa75e035db387618c46342a1c6181660e2,3,problem03-full.pddl,sha1
seq-opt,visitall,02e835f289db812a411933c9eae0806a685838f7,19,problem11-full.pddl,sha1
seq-opt,visitall,03d9c1c0c5f46851cfc675f5b443af3385598b43,8,problem05-half.pddl,sha1
seq-opt,visitall,651417a9f53296229f65e61605132d4809a1a66e,7,problem05-full.pddl,sha1
seq-opt,visitall,674c9fde5de4a4445fa08a4f043f0dd261485d8b,14,problem08-half.pddl,sha1
seq-opt,visitall,77fe5749e6f1c2fa116a1224d54c9f1c327a28ac,6,problem04-half.pddl,sha1
seq-opt,visitall,7b017000514a7aca41645ec07e03e63dd0de1d61,1,problem02-full.pddl,sha1
seq-opt,visitall,7f91243ec5c71631d5c96ec8f9b38118a5b63623,9,problem06-full.pddl,sha1
seq-opt,visitall,8b1b96c45f75dec7526e17377ca31186bf2f9bb9,16,problem09-half.pddl,sha1
seq-opt,visitall,922125b2e3d2faa4155e04cb07196291c611cf60,13,problem08-full.pddl,sha1
seq-opt,visitall,942413bb0aab4b513e517c0db981cf1d2b6ca92e,10,problem06-half.pddl,sha1
seq-opt,visitall,a58dc479c7c46d3f04448e58d88b5e6707cbafdd,12,problem07-half.pddl,sha1
seq-opt,visitall,a5aef59d33134e2de5d13054b41c9d0cb33f3b9a,2,problem02-half.pddl,sha1
seq-opt,visitall,b41a7afd47c86c5079f35370e211a31e2c60ad11,18,problem10-half.pddl,sha1
seq-opt,visitall,c5289b40be90b3485757d3131d54593f35acfc8f,15,problem09-full.pddl,sha1
seq-opt,visitall,c848dbf15c42c05128a6666f95b0c5201f685d84,20,problem11-half.pddl,sha1
seq-opt,visitall,d24777bead3d336d82f9da1b006e11e0a763b1c2,17,problem10-full.pddl,sha1
seq-opt,visitall,dc9c0271b322d6ff0e73096f07cd2af55a1cb077,5,problem04-full.pddl,sha1
seq-opt,visitall,df731ebeb13ee687065109dfec9bd69ef214628c,11,problem07-full.pddl,sha1
seq-opt,visitall,e5ae8724e8b83c993f98357720e8af5170a5c675,4,problem03-half.pddl,sha1
seq-opt,woodworking,004c633f51c4f537b7755b730a3f651caa28a2b7,7,p07.pddl,sha1
seq-opt,woodworking,10c6206109011581e2aac2a5b9ba487ab96cdfba,20,p20.pddl,sha1
seq-opt,woodworking,21522cd7667ae8c94e45492a42c498357b22e569,17,p17.pddl,sha1
seq-opt,woodworking,3c5d199f8e395aa7257b6e7dbf2bfb071c4141c1,13,p13.pddl,sha1
seq-opt,woodworking,57663fbcbbfc8621d2b8f2bd813557f9c113eb72,18,p18.pddl,sha1
seq-opt,woodworking,57759e7e1cecf8498ce23af72e7d4994ab48404a,5,p05.pddl,sha1
seq-opt,woodworking,5b7f7adc4e872040fac6f9fd784aac44b887b22a,19,p19.pddl,sha1
seq-opt,woodworking,6397b3e10f86afad1d20b1c1afe8c0d141c6c776,9,p09.pddl,sha1
seq-opt,woodworking,7071661c31a96628579a83c7d7e28a71be2c825b,11,p11.pddl,sha1
seq-opt,woodworking,77eaf1443935aa8d88c5fea4fccfccdb238129a9,12,p12.pddl,sha1
seq-opt,woodworking,7fa3e11b16605713e50afef0d22d59600465e285,15,p15.pddl,sha1
seq-opt,woodworking,8ffcea1a2028fa9dd21ce6276c23901c65276766,3,p03.pddl,sha1
seq-opt,woodworking,98d61b3a6094bcaf768780a8110c442f8ecff14c,10,p10.pddl,sha1
seq-opt,woodworking,aff3549a56018e71f1679023567b5919393fba6f,6,p06.pddl,sha1
seq-opt,woodworking,b50e149b9b82b50e85225eaa6db1516fd9de521f,8,p08.pddl,sha1
seq-opt,woodworking,c5c10c4d437a738ae681b6bd0daa22e6fe3def61,1,p01.pddl,sha1
seq-opt,woodworking,cfccb69e031da0a77791b290653d3ec6d9092f5e,16,p16.pddl,sha1
seq-opt,woodworking,e3c1ac506a488f4fe0db64c3596006ce5939e339,4,p04.pddl,sha1
seq-opt,woodworking,e7d69db801188ee0ccb0c35483e320b0300b7922,14,p14.pddl,sha1
seq-opt,woodworking,f99e2069ddc4267a06b0759e157c184dce6399bd,2,p02.pddl,sha1
seq-sat,barman,02f08ab79e3f4b96978e7ccca875d3873870d76a,24,pfile06-024.pddl,sha1
seq-sat,barman,091d77a3b872081556662b22b11dbbde96d34c54,23,pfile06-023.pddl,sha1
seq-sat,barman,0bd6a90aa21fa2b75cb4a8cb391d6edb7410bc8d,40,pfile10-040.pddl,sha1
seq-sat,barman,12043a0b4ec45652a4c91fc75073a26b7b8a90db,38,pfile10-038.pddl,sha1
seq-sat,barman,180698443595ecbe7da6b5316d25403e7d58a837,28,pfile07-028.pddl,sha1
seq-sat,barman,23f8d5c6214fe512d439e132bc6c959d252f5839,32,pfile08-032.pddl,sha1
seq-sat,barman,40e524a8e72e060b07e911ebaf74b5531836760b,21,pfile06-021.pddl,sha1
seq-sat,barman,4db16aef18a8deb22dd442e203aa11139389bf3d,39,pfile10-039.pddl,sha1
seq-sat,barman,6373ec68de74b15f70368dc9683ab502821082d4,31,pfile08-031.pddl,sha1
seq-sat,barman,77c9db0acf455d79d345d8d781c1a2244c95f003,26,pfile07-026.pddl,sha1
seq-sat,barman,7c43474ff71346e92098453099536200a94efd65,30,pfile08-030.pddl,sha1
seq-sat,barman,809739dcb1a65e3fe810bd565219b0d3cc995901,35,pfile09-035.pddl,sha1
seq-sat,barman,8e4211631747c8d10debb5f92e8c36f26b15cc61,27,pfile07-027.pddl,sha1
seq-sat,barman,bd2bf4a64a6106fa7b078fe8335d66b08e008d14,37,pfile10-037.pddl,sha1
seq-sat,barman,c3aebc37f35afdc8c298f39a0f6cd59105259393,34,pfile09-034.pddl,sha1
seq-sat,barman,ca5f10bdff54bbb3d73d56ca623a672bab1708a1,22,pfile06-022.pddl,sha1
seq-sat,barman,ceb41521a9fbb8298bddb8584e6388cc8e5414ae,33,pfile09-033.pddl,sha1
seq-sat,barman,d4abf09f55f0726b13263b81de173b1f81bbbebf,25,pfile07-025.pddl,sha1
seq-sat,barman,e80bea1d616e4f85b74e970b240fc9850e024ba1,29,pfile08-029.pddl,sha1
seq-sat,barman,f4465b3b73f9aafc82a9ec0a39c9666d663cc4ca,36,pfile09-036.pddl,sha1
seq-sat,elevators,074672043e3b9ccd082c2c5583b2a3e79947e209,2,p02.pddl,sha1
seq-sat,elevators,0d871f7e5e957ddae834afb64f4a258c883ec515,15,p15.pddl,sha1
seq-sat,elevators,152ef3904d85b243131e07a0132aeb77668b611c,13,p13.pddl,sha1
seq-sat,elevators,16ce559035f044554526665769fc4739d068d365,19,p19.pddl,sha1
seq-sat,elevators,1758f3f21e85f1e895831ae1494bdc835acb7964,7,p07.pddl,sha1
seq-sat,elevators,20976cdb5ad628d4e8f4e4631565f717008cf3a0,6,p06.pddl,sha1
seq-sat,elevators,22e65efcb113b50f33d1e6d066457d88f73c7b74,16,p16.pddl,sha1
seq-sat,elevators,312e28fbf87ae122139bb9707ab19331e7fdc148,11,p11.pddl,sha1
seq-sat,elevators,31652b078f0ac2028c789df2443e3cc260f76558,17,p17.pddl,sha1
seq-sat,elevators,3466a753ae5baec06c536514a97eada445720a00,1,p01.pddl,sha1
seq-sat,elevators,36543ea6fdc9308b8bedcc0ed2c1add546225390,9,p09.pddl,sha1
seq-sat,elevators,427bbcd77140b8f2193ae86dba29c67957e27c85,5,p05.pddl,sha1
seq-sat,elevators,49d22f84ae12795efc2e4736b07b27b5ec0eb777,12,p12.pddl,sha1
seq-sat,elevators,68fa36b716627d08529a8bfa56c0cea684c98645,4,p04.pddl,sha1
seq-sat,elevators,745e27e3118305fc4725171325b866d330eee868,3,p03.pddl,sha1
seq-sat,elevators,8fe1c7940b0de666052e13af14cdb57a01b12331,18,p18.pddl,sha1
seq-sat,elevators,9ed644fbbee1c95e82e6955d9f62b054ce09a8d2,14,p14.pddl,sha1
seq-sat,elevators,c8240163167bed05db4f21f5fe1326a4a24625a1,8,p08.pddl,sha1
seq-sat,elevators,e2248004a5d0ca5214016868340da05bb10c76c7,20,p20.pddl,sha1
seq-sat,elevators,e35ee697842ceb1924ad94e04e0718c0456a1038,10,p10.pddl,sha1
seq-sat,floortile,044f36c44d77dd2bf031b375bb9f938235cc267e,4,seq-p02-004.pddl,sha1
seq-sat,floortile,0450e1c46ab55c2427ba1583a85f899fdd67a5c1,11,seq-p06-011.pddl,sha1
seq-sat,floortile,0f407547a2c29ae42f319fb072503107447df266,1,seq-p01-001.pddl,sha1
seq-sat,floortile,2297de044337b5ab3de02e7f9bbcb6c63ea5855c,2,seq-p01-002.pddl,sha1
seq-sat,floortile,386b3fdbdf275f581955e258d8122be8320c584f,20,seq-p10-020.pddl,sha1
seq-sat,floortile,3b912a8e048b7f4a58adb6c54472505adff32a6a,9,seq-p05-009.pddl,sha1
seq-sat,floortile,4370dd07cb061628e12a047e795958c693533f1d,3,seq-p02-003.pddl,sha1
seq-sat,floortile,49c81b1d31ca1d7bf4328a59ba92116fbd72d213,5,seq-p03-005.pddl,sha1
seq-sat,floortile,4a7826fb9785bfeac8f19eb8548d0decd35d9b82,6,seq-p03-006.pddl,sha1
seq-sat,floortile,5dc64f1a012fce55319e3f6bb9d94ec261f0ed60,18,seq-p09-018.pddl,sha1
seq-sat,floortile,66eaa00cf69e0cd6227514efbae6e2bf0e04d6dd,14,seq-p07-014.pddl,sha1
seq-sat,floortile,6beb76fabd5d93e189903a2d05b2eb7e17ab722b,10,seq-p05-010.pddl,sha1
seq-sat,floortile,708f6a9690ace4437896a38982b0ead45cf7dbad,13,seq-p07-013.pddl,sha1
seq-sat,floortile,9289d7db02b7b7665e2d98a01208e810c64f8efb,19,seq-p10-019.pddl,sha1
seq-sat,floortile,aa9af3a3965c16894444ca34fa310a151792d4ae,15,seq-p08-015.pddl,sha1
seq-sat,floortile,b3964c04f04314f003c9b314d1df427604f46474,16,seq-p08-016.pddl,sha1
seq-sat,floortile,b75fbe20cdeaa282f3537054b5bcb0cb3774ba37,12,seq-p06-012.pddl,sha1
seq-sat,floortile,d70afcfa972d4645648760cbde76676a1febabb3,8,seq-p04-008.pddl,sha1
seq-sat,floortile,e9756a6593016ef6178c9f85b7daaec15f1f1b5b,7,seq-p04-007.pddl,sha1
seq-sat,floortile,ee27ae8800e13f61576f66825b0ac4c34002d9e9,17,seq-p09-017.pddl,sha1
seq-sat,nomystery,1268ec6e120e3b6e1f974b72d2b9fa5ecad33a65,12,p12.pddl,sha1
seq-sat,nomystery,3e1eec3f986ce10c0550d0095bae47d489a35596,11,p11.pddl,sha1
seq-sat,nomystery,40cb725fddce2532191423d7e1202f3857436986,17,p17.pddl,sha1
seq-sat,nomystery,434357a4fd8a1f14dab34fe56c4b20c0507daec0,15,p15.pddl,sha1
seq-sat,nomystery,46aa0fcfb7b8da15d87384f61fcbdfa97699511e,7,p07.pddl,sha1
seq-sat,nomystery,6563f24fe50d6176f26e0e4975dbeb36eb62c6d5,1,p01.pddl,sha1
seq-sat,nomystery,6e53af11b121b0cf326de7ab4b946dfca50e89fa,19,p19.pddl,sha1
seq-sat,nomystery,7a6a6c9bb386f81da1b0de26235c0654699f9e73,2,p02.pddl,sha1
seq-sat,nomystery,81fcbbe9651ad21af0a7acb75b2e5c4219272f07,6,p06.pddl,sha1
seq-sat,nomystery,8e63d3d35aa825530ce077b841a17e22aec24c77,16,p16.pddl,sha1
seq-sat,nomystery,9b81ce1cb0ce9d6e0fa163b48413e5350bc983af,4,p04.pddl,sha1
seq-sat,nomystery,a25845754038039014009f04e4e1ab1da4af672f,14,p14.pddl,sha1
seq-sat,nomystery,a49240ba91ce0e8d58e65eb6830e1d5dae4cfa7e,13,p13.pddl,sha1
seq-sat,nomystery,ad5c320fb2a29e860ce78d0b1dc268849bb5abf1,18,p18.pddl,sha1
seq-sat,nomystery,ad6f99c3d172c2b1d5c703ffb98acac0f0b48081,9,p09.pddl,sha1
seq-sat,nomystery,b1f80fa8d6fccabb1174407286bda70e1a6cb052,3,p03.pddl,sha1
seq-sat,nomystery,da5a5c0016cd41e09557d07aadef63a3fb66c876,20,p20.pddl,sha1
seq-sat,nomystery,dab0c464b84e467b3135f32beaf8e4538458da54,8,p08.pddl,sha1
seq-sat,nomystery,e99dcd4c9ec88ef377f50f159b728f2ff2addb83,10,p10.pddl,sha1
seq-sat,nomystery,f15fe5f3478e25e8ebd9a3a365433a633d561a21,5,p05.pddl,sha1
seq-sat,openstacks,04198100d7daf1f7ed84c34971df620e5d27833b,4,p04.pddl,sha1
seq-sat,openstacks,05b01ec70fc6f318b4f72b0f95a3e07392657e5a,16,p16.pddl,sha1
seq-sat,openstacks,07ca9ea76e441e481b6a780157d09a2341f8c74f,13,p13.pddl,sha1
seq-sat,openstacks,28cbed39b1d89a367244e7108659750ae0f8586e,1,p01.pddl,sha1
seq-sat,openstacks,2f2be37d5d5ebba81de1bda366e3c7d8434f2a75,18,p18.pddl,sha1
seq-sat,openstacks,4274b0ceaa30d65b6ad5592c8ade727e343f83ef,12,p12.pddl,sha1
seq-sat,openstacks,4fab1fc44fd8f1db83ebccd54462fd24c20a0fae,11,p11.pddl,sha1
seq-sat,openstacks,61b7dc580a00246c34a5a789352b036459584a9e,19,p19.pddl,sha1
seq-sat,openstacks,766e71364bfd1584a9452097bd96b598e1a6a701,3,p03.pddl,sha1
seq-sat,openstacks,830673be99946901b3b10097c706c9d74fe55ff3,15,p15.pddl,sha1
seq-sat,openstacks,84ecc7de3d677f9a592762805992390c70589399,20,p20.pddl,sha1
seq-sat,openstacks,9f9f5b2b8d5f3d066ec1723030730a734eace958,9,p09.pddl,sha1
seq-sat,openstacks,a976875f67493465a5cb87a80c0986d0e95b324d,5,p05.pddl,sha1
seq-sat,openstacks,b08cf3736142ee28d7b1c74d1c3ea9e7a3424a61,14,p14.pddl,sha1
seq-sat,openstacks,b8de9fba4b1e749608fbca3c248ba74bf9f64642,6,p06.pddl,sha1
seq-sat,openstacks,c07dca6f877c0b25e0cf244fccdf524242aa74cf,10,p10.pddl,sha1
seq-sat,openstacks,c76ba34127802e6704ab1b4b2d311c1ef1f85af7,8,p08.pddl,sha1
seq-sat,openstacks,ddb37cdc1e18c5670707d6ab2631200c390f835d,17,p17.pddl,sha1
seq-sat,openstacks,e640640fa54405075f859b4ec33e58f018b1cc18,2,p02.pddl,sha1
seq-sat,openstacks,e8d8dea752a9e2fc24fb90d571ba48626a748ccf,7,p07.pddl,sha1
seq-sat,parcprinter,0d3a4dfd88957eda7118309bd2690aa150f7285e,3,p03.pddl,sha1
seq-sat,parcprinter,106d5b850e368f42ef47234bdbefaba3942d1d58,7,p07.pddl,sha1
seq-sat,parcprinter,1bbcb718884228688df0953dcbe152b693381099,15,p15.pddl,sha1
seq-sat,parcprinter,1d45b6b809aac6ae7dd04ab2641e1df1c00f892e,8,p08.pddl,sha1
seq-sat,parcprinter,224062dcd063b3d6032fb2d20b5236aa866c533c,18,p18.pddl,sha1
seq-sat,parcprinter,278e6db3db799ca2d39c17caec2ecdd94f75c3c4,1,p01.pddl,sha1
seq-sat,parcprinter,469e5baceb3951acfb4283fe89382e1b2398c961,14,p14.pddl,sha1
seq-sat,parcprinter,4ce151c9ac19150a334dcca54ac2e1ded4ecf933,16,p16.pddl,sha1
seq-sat,parcprinter,67ae71a83a06095eea0b7bd9cb07d633de23be94,20,p20.pddl,sha1
seq-sat,parcprinter,6e41b37b087bf58d87d5eef8cb10d6420376b381,2,p02.pddl,sha1
seq-sat,parcprinter,76083857b7379a56e792e6a167fe43111c2390c2,11,p11.pddl,sha1
seq-sat,parcprinter,820781b778dcac4a95cceb6964235158119c42c2,4,p04.pddl,sha1+numero
seq-sat,parcprinter,8c67aca99d3a3e71fe03a5ccac3e81f71f19f9d3,19,p19.pddl,sha1
seq-sat,parcprinter,8db84cd37dc2e417f95bc83b0486f5e667b9cd2b,10,p10.pddl,sha1+numero
seq-sat,parcprinter,93a07226eccd7ffe5069a091f5ec01986dc3e838,12,p12.pddl,sha1
seq-sat,parcprinter,b4190cba504324889f79ae45101a1c213f646f38,13,p13.pddl,sha1
seq-sat,parcprinter,b93e539881da0df27115fb062a70ddbc649262cb,9,p09.pddl,sha1
seq-sat,parcprinter,bfe51d1d89976742754dc2e28f8bd77901728197,17,p17.pddl,sha1
seq-sat,parcprinter,d5a8a07bec535918360880cb7eb7d29f1cf64043,5,p05.pddl,sha1
seq-sat,parcprinter,fd8e8bfc16151d9a5df4f45d4047e0f43fed7fef,6,p06.pddl,sha1
seq-sat,parking,0ffe685fa49b9268e500a9b2107719fd11fec4fa,32,pfile08-032.pddl,sha1
seq-sat,parking,16414ee40b781afec27880262260f82695d2a2a0,36,pfile09-036.pddl,sha1
seq-sat,parking,19b475611f165786cf6134f92fe18421ae337b1a,38,pfile10-038.pddl,sha1
seq-sat,parking,2610fa095e1a51d60e6a79ba895be0203553543d,41,pfile11-041.pddl,sha1
seq-sat,parking,34b847d5b1371a687ba8b8e59a85644f5478754c,50,pfile13-050.pddl,sha1
seq-sat,parking,4dce706e45457a29253e921ed10d870f9e3b4569,31,pfile08-031.pddl,sha1
seq-sat,parking,4f90961d7bd24dcfa721804c0290019c9e96261c,39,pfile10-039.pddl,sha1
seq-sat,parking,510d6f2a5dadb82ec37b1a8736e4cd6f94f7691d,40,pfile10-040.pddl,sha1
seq-sat,parking,52fbd9d09ab857f808cf97651b16a804e625c3a2,44,pfile11-044.pddl,sha1
seq-sat,parking,65ef299be8f98597115e1d6e7148889142ae6255,37,pfile10-037.pddl,sha1
seq-sat,parking,6cfc392136d80a2a9c2a2c6afbe536f3e0b68161,49,pfile13-049.pddl,sha1
seq-sat,parking,942ab9cb0b5d33742db0b3a2fbee73e79cf721c7,35,pfile09-035.pddl,sha1
seq-sat,parking,bc25d8fd33e9bd214ca165c2453410e79d7d58b3,42,pfile11-042.pddl,sha1
seq-sat,parking,bd77f5db67f41e73aedc8b4bf7cf9d5c749fba85,45,pfile12-045.pddl,sha1
seq-sat,parking,bf9695589b5dbcefc4c213f8227a5fc6d19572a0,43,pfile11-043.pddl,sha1
seq-sat,parking,d927266184fb8d5f4583b254b3b0981657179c71,48,pfile12-048.pddl,sha1
seq-sat,parking,e495c052a34691c405a815924e6de47bb2463324,46,pfile12-046.pddl,sha1
seq-sat,parking,f358d5736dd931e22bdf6f689627bf67f8c19931,47,pfile12-047.pddl,sha1
seq-sat,parking,f61b7b77840cb53823c407ea567077bf87097193,34,pfile09-034.pddl,sha1
seq-sat,parking,fb035a18b2e4abeec6312577b812c21111c3e0d2,33,pfile09-033.pddl,sha1
seq-sat,pegsol,17f91467a9f61c0f3de3c583c35bfbbc4d991097,1,p01.pddl,sha1
seq-sat,pegsol,3df6032fafc56f8c5ae5a995a304645c1b900d43,2,p02.pddl,sha1
seq-sat,pegsol,40f967bc95cb53d144dcaff0e0b405c0c8609aca,16,p16.pddl,sha1
seq-sat,pegsol,58b6e1792e8fd6df8644c358b938d32690c87af7,15,p15.pddl,sha1
seq-sat,pegsol,5c95a9d5293e7f0669e5fb63710d9aed907e4f44,9,p09.pddl,sha1
seq-sat,pegsol,611b2ba4121eccf031b34a46bf3dd1e58f801813,18,p18.pddl,sha1
seq-sat,pegsol,73f7e7b194d3261994ff12725dd983b24748cea4,8,p08.pddl,sha1
seq-sat,pegsol,8365838fba8fda9885fda372bfeeb8e879032aa2,6,p06.pddl,sha1
seq-sat,pegsol,877a9e313ac49f0cf72a491e218e89a06d869462,20,p20.pddl,sha1
seq-sat,pegsol,ac60b6bd463edb539045ce5dc13e114addebeafa,7,p07.pddl,sha1
seq-sat,pegsol,ad21887bacd8674d916daf137533a01d29a1bf45,17,p17.pddl,sha1
seq-sat,pegsol,b24f7ce4fbd3911368b43e72c0b06008769f2f90,11,p11.pddl,sha1
seq-sat,pegsol,bc35a4dc7fa1589357eee9855203d7b42ef1c9f0,4,p04.pddl,sha1
seq-sat,pegsol,bd56eb44636cbdc7b33f6fb04e98f30f9b763d56,5,p05.pddl,sha1
seq-sat,pegsol,c116b64d435793f8636c88574be5f4c875db7a42,3,p03.pddl,sha1
seq-sat,pegsol,ce41c2035fcfd10fd5ea21382d54b4bd69c2b3f1,10,p10.pddl,sha1
seq-sat,pegsol,db90b332fc09ca07f5a818b4556b28a609dcd968,14,p14.pddl,sha1
seq-sat,pegsol,e05a650f2a701e0f904c1c2e9ad332021a501e3c,12,p12.pddl,sha1
seq-sat,pegsol,ed78de8e059cc1d77fad87446ae07026782d50d2,19,p19.pddl,sha1
seq-sat,pegsol,f236b84daca5714ea0798d36c75ea01bdd50b3ab,13,p13.pddl,sha1
seq-sat,scanalyzer,05854f25b0e8db7b39fc6abc17793644730b5039,2,p02.pddl,sha1
seq-sat,scanalyzer,064e7a34ab458fdd1555d11e9d4ca61257995e3e,15,p15.pddl,sha1
seq-sat,scanalyzer,129e16dd1262d24b0d671cccdc79be6b27632b64,7,p07.pddl,sha1
seq-sat,scanalyzer,21f6e72a03b686c73d5fea5d011a78e839842acd,1,p01.pddl,sha1
seq-sat,scanalyzer,486b31615d7fe4922d97f3b6e696bbc064738355,18,p18.pddl,sha1
seq-sat,scanalyzer,517d57599c098ec939fad773ffd842e6ad187d04,20,p20.pddl,sha1
seq-sat,scanalyzer,61239745d89883d676facd61a34c293ba4e036cc,10,p10.pddl,sha1
seq-sat,scanalyzer,63d83b4a2ded9d500123ca4525ce3a5863d43082,5,p05.pddl,sha1
seq-sat,scanalyzer,736a114354f8a91501c81919bc7c1c8d6fb1ba2e,8,p08.pddl,sha1
seq-sat,scanalyzer,95214396e743d8a7e3386ce6f2ad7d7353fb1678,17,p17.pddl,sha1
seq-sat,scanalyzer,a932d70c2ad62d8eed747b8bfe5b7d221fcca5ad,11,p11.pddl,sha1
seq-sat,scanalyzer,a9a5c140b56100a9bd1ced02c8c86744d13dfdb9,6,p06.pddl,sha1
seq-sat,scanalyzer,a9ce1cb6a249feb352542c595f679b68f77191ea,4,p04.pddl,sha1
seq-sat,scanalyzer,af81dba6c6341a2903520e3a62085c9417265070,3,p03.pddl,sha1
seq-sat,scanalyzer,ce8f498aa3d9e60e1cebb170ddc472b2a2d19f30,14,p14.pddl,sha1
seq-sat,scanalyzer,deeb605dc9e9ed182b18e62cbc6c46c2b4c43a9c,12,p12.pddl,sha1
seq-sat,scanalyzer,f19a0df674280f550baae34dafec2be376f4d81b,19,p19.pddl,sha1
seq-sat,scanalyzer,f8a2843d8a8c5df6508db30c722f0f5310ec864b,16,p16.pddl,sha1
seq-sat,scanalyzer,f9b754a2c6a62df699a269ec721549ddf117ee42,9,p09.pddl,sha1
seq-sat,scanalyzer,fa2d6a4c977c92ccb29aa31fee663bfb7fbe8518,13,p13.pddl,sha1
seq-sat,sokoban,0d92dc91e5438b9f72d1533b902a2579490a46d3,6,p06.pddl,sha1
seq-sat,sokoban,29dcd24ea2b31568ceb0b1bc6e291cfa05a0d836,7,p07.pddl,sha1
seq-sat,sokoban,2eab28bff6547919966d1c50e17951062c138f82,13,p13.pddl,sha1
seq-sat,sokoban,35e101524e4f6711ea5af73ace550788dd1108d1,1,p01.pddl,sha1
seq-sat,sokoban,39576b7ff46df9b244bea0cdb83d0b8812acdcd7,16,p16.pddl,sha1
seq-sat,sokoban,3b35464dd93ada3ee46891d70340a350e4da5e8b,4,p04.pddl,sha1
seq-sat,sokoban,4fcb4baa3e45656ec508230e5daa9bd2666fde21,19,p19.pddl,sha1
seq-sat,sokoban,5c262e6477d82e3957624513808fde48b46f7b7f,11,p11.pddl,sha1
seq-sat,sokoban,65cf7a161e4ff28ea67338d813370650fc63d4c9,2,p02.pddl,sha1
seq-sat,sokoban,680c5f5ce6b88a432d4cea5d80ede1bccc512420,14,p14.pddl,sha1
seq-sat,sokoban,713f32bc568a50f54dd2dfc05ee3b6a83ccd3b75,17,p17.pddl,sha1
seq-sat,sokoban,857f42fddf5086eea5fef5e6684e2120e266533c,9,p09.pddl,sha1
seq-sat,sokoban,a2430ccfc2c2693aee68220045ff648d4dcfd19d,5,p05.pddl,sha1
seq-sat,sokoban,a68d03b671776703597e412796945bf9946a100a,10,p10.pddl,sha1
seq-sat,sokoban,afb587036273d8ff5bb5da51f68d2497a6715f52,15,p15.pddl,sha1
seq-sat,sokoban,c265b7a804902ce555b4f0f83d7ebdf72af6bbbe,8,p08.pddl,sha1
seq-sat,sokoban,c57c50b83da33fcc7f403f657c0ff2ff53a65b34,18,p18.pddl,sha1
seq-sat,sokoban,c6f0babe4024fea532ea0f0b632d527c0b9ef607,20,p20.pddl,sha1
seq-sat,sokoban,e262d72ca53901db89af74f62dccd6d7a8aff19a,12,p12.pddl,sha1
seq-sat,sokoban,e868032ee43cb27c8b971a156c8f09ca10b1192a,3,p03.pddl,sha1
seq-sat,tidybot,2504d04b3b27572048626682d59636ddc356363d,4,p04.pddl,sha1
seq-sat,tidybot,54046f123845f6fa768d5a8ebbb26814267977ab,19,p19.pddl,sha1
seq-sat,tidybot,54afe02a66a848c8b72b9c9673ab6f78eb573ed5,12,p12.pddl,sha1
seq-sat,tidybot,6107452ade7c507247db052a0dc69d02012d93dc,2,p02.pddl,sha1
seq-sat,tidybot,658b55a553b45a6fbaf66faefe0b37b262b56011,15,p15.pddl,sha1
seq-sat,tidybot,658e99fa7bcdd931b69d1bc2f08b8fb349dfa6fa,7,p07.pddl,sha1
seq-sat,tidybot,7c1eef632465539c18b8e8364dbf806189dde6a4,13,p13.pddl,sha1
seq-sat,tidybot,7dfd3262dc4fc6b18bf21178ca6a5216be2eb988,16,p16.pddl,sha1
seq-sat,tidybot,7f6a481a418c597f8ef0818567b49e8d34eecc1b,14,p14.pddl,sha1
seq-sat,tidybot,93734b46fa1056bc3854c72b720bca576d9ab345,9,p09.pddl,sha1
seq-sat,tidybot,987d355d4f3286f59527159e8160bc37a2fbac0c,6,p06.pddl,sha1
seq-sat,tidybot,9a6f25f9f54b6ceb8364658d3f55793242913d84,5,p05.pddl,sha1
seq-sat,tidybot,ac154b39fe585f63da7a66b773cb77fc2af93621,1,p01.pddl,sha1
seq-sat,tidybot,b2cd9a7e00aeb8f152094ca1d090e546e4403b02,18,p18.pddl,sha1
seq-sat,tidybot,ba269fd30e06a89d58ced8709421941181b56001,17,p17.pddl,sha1
seq-sat,tidybot,c7fd1a2cb91c4ac45b78a50c97045a50acccda46,3,p03.pddl,sha1
seq-sat,tidybot,cbfd82ac60e69b62ab6b0ffa88eb344271fc1af8,10,p10.pddl,sha1
seq-sat,tidybot,db46f86b6f9c04ca28bd834fecdbb7e6e25308f7,11,p11.pddl,sha1
seq-sat,tidybot,f7c74c71b1e78511ae19301b305350b7b46f0e79,8,p08.pddl,sha1
seq-sat,tidybot,ffbd7e884badad9950e808512bf1008cfe7edb22,20,p20.pddl,sha1
seq-sat,transport,165564c5e0ff161f1ce96206f3d05bc793241955,12,p12.pddl,sha1
seq-sat,transport,1f594ae46ed6bae91fa633e1161afed718ff7eb2,5,p05.pddl,sha1
seq-sat,transport,2ffb665bb190d48d0beeb42b6b922078f8e087a6,18,p18.pddl,sha1
seq-sat,transport,573d57d495ce1386342d997367ca75dc8974195a,13,p13.pddl,sha1
seq-sat,transport,5943edffc57c634c17d6b374915e96308f93f700,17,p17.pddl,sha1
seq-sat,transport,729c22ec53b68292135b8ace9c69b4261e3db826,19,p19.pddl,sha1
seq-sat,transport,74b6d06773717c2856352363a64463efbd6b4df2,6,p06.pddl,sha1
seq-sat,transport,972ca1439a886c795acf573400f51cc1d0281c97,7,p07.pddl,sha1
seq-sat,transport,aa6274ce95a42c5bdf6ad6647c86760d6703c4cd,4,p04.pddl,sha1
seq-sat,transport,aeb7138f52208ceb39bd3d272fa6f90226a0e75e,8,p08.pddl,sha1
seq-sat,transport,af2b0f7a2c0761062a973a5642bb5159b9ed7c1a,14,p14.pddl,sha1
seq-sat,transport,b3dea3de18a970f23cd049f7ade3eb0b575404c4,16,p16.pddl,sha1
seq-sat,transport,ba990157e6caac125a6c8703cf51f07e5892e198,10,p10.pddl,sha1
seq-sat,transport,bcd0ea6443d3528c5e9ca3084d8e661f7ca12775,9,p09.pddl,sha1
seq-sat,transport,c160fca9cb55d442535a710da674616f9070fc24,15,p15.pddl,sha1
seq-sat,transport,c75c2e62c93c1c3cd04d61ebd23c6402e00e14e0,2,p02.pddl,sha1
seq-sat,transport,ca73ba1d9134763c1b85cb13aed871e6122b6a8e,20,p20.pddl,sha1
seq-sat,transport,ee62a643f8c2d9a686c7147c84144a575a83d9f8,3,p03.pddl,sha1
seq-sat,transport,f60fd42166e52f71de20affd517757303c6c1d9a,1,p01.pddl,sha1
seq-sat,transport,f95baac1aee161459d7395fbd43e5b1fd00d732d,11,p11.pddl,sha1
seq-sat,visitall,00b6dedae45263e83b4064d12b9aae681a574c48,4,problem18.pddl,sha1
seq-sat,visitall,0bc61ec630a1f866fceee152d6b1b4489dc3506d,2,problem14.pddl,sha1
seq-sat,visitall,1283da93dcd709b4170f3c424d9bfd4623a4b05d,14,problem38.pddl,sha1
seq-sat,visitall,1d583ec5d43ffcfa2513d615baffca3b23c6db4b,13,problem36.pddl,sha1
seq-sat,visitall,369de820590a205de626dda3db7450abb6aa416b,19,problem48.pddl,sha1
seq-sat,visitall,41f2bbedf1dc41f66a95694dfd17c470eccdbacc,11,problem32.pddl,sha1
seq-sat,visitall,464834f4b449455e1d77ab036a1862a3f9ca7a99,1,problem12.pddl,sha1
seq-sat,visitall,4e9bed975be0b626b405d9b29b1d7b501dd2274c,8,problem26.pddl,sha1
seq-sat,visitall,58c8be53059514a1c5391f15627ca9517b43e540,10,problem30.pddl,sha1
seq-sat,visitall,60e6b22c182ec51aadac988f3b3da88d1740137e,20,problem50.pddl,sha1
seq-sat,visitall,67199694ca31ad72e840da6f3a2eade656e48e63,9,problem28.pddl,sha1
seq-sat,visitall,82655140e18aaf7ae1e9f94c8e2b2223d7181130,17,problem44.pddl,sha1
seq-sat,visitall,880f0f9e66bce04ab86b0263fb371988816f0605,18,problem46.pddl,sha1
seq-sat,visitall,93846d8ef5cf945ff786c07ecedb34c4917ed196,15,problem40.pddl,sha1
seq-sat,visitall,ae2f7b8eaa28a8e95b1086746c1ccd1e9a136b28,6,problem22.pddl,sha1
seq-sat,visitall,b61e62dc2f81ab9851634ca6e2018919d46eb919,5,problem20.pddl,sha1
seq-sat,visitall,d107ef9b1054074deaa48f2e6d0f11de37fb24e2,7,problem24.pddl,sha1
seq-sat,visitall,e8708d39b574c7b4db35ade005f66bd12a1877d8,16,problem42.pddl,sha1
seq-sat,visitall,ea38323705da335656030a9e7e06b85abd735871,12,problem34.pddl,sha1
seq-sat,visitall,fd714f02b1f97a0c23178936a20fc6d4866d4442,3,problem16.pddl,sha1
seq-sat,woodworking,01f77d60f739bb052751119623086ebc6934518e,11,p11.pddl,sha1
seq-sat,woodworking,0f16a4fdcb2360deb2915e3d6bf1ec8c7d444211,7,p07.pddl,sha1
seq-sat,woodworking,22ef9d2d702f94c8cd3f2e11cdc63faee8f9b50f,4,p04.pddl,sha1
seq-sat,woodworking,40861c47afbef341366d1d3fa77a4623322d0de0,10,p10.pddl,sha1
seq-sat,woodworking,4a0255b9529a6bee1a45eb1fd752497bff152523,12,p12.pddl,sha1
seq-sat,woodworking,4dd718c7662ac58115da9b8092d57caf9e2c1da2,2,p02.pddl,sha1
seq-sat,woodworking,543b492de145808628eae27286f86678a5b5d796,15,p15.pddl,sha1
seq-sat,woodworking,6053ecf8933b628e3d6f11f2970fea4f77cd8e9d,14,p14.pddl,sha1
seq-sat,woodworking,62e826390d241d6bb39b62084d95cd4da023bd89,8,p08.pddl,sha1
seq-sat,woodworking,6c392dc8aaf0e2b4bf75b57b24b8215e0b15c732,6,p06.pddl,sha1
seq-sat,woodworking,6cbac20ec7131e3d1c0f6680e291886aefc45f8c,17,p17.pddl,sha1
seq-sat,woodworking,78f8e95804d4959ac9cb43b4eba437b8201bfe15,5,p05.pddl,sha1
seq-sat,woodworking,7c4ef591020b77fe6fb8ac3715cfa4e9e8256799,18,p18.pddl,sha1
seq-sat,woodworking,8114db6bc8e29e9d272e5de141fb1a87edd01d1a,9,p09.pddl,sha1
seq-sat,woodworking,9533887d0811b314724970d761633b8b82a95e7e,20,p20.pddl,sha1
seq-sat,woodworking,a5732871818ca2efcc7ae5ba3a89787b567b88dc,1,p01.pddl,sha1
seq-sat,woodworking,a6f1f07d6dae4750f7cb1b41ae8cb45aa18f4a2b,3,p03.pddl,sha1
seq-sat,woodworking,b9cca9c650852f7166a943a1bd495ec6b2fea2dc,13,p13.pddl,sha1
seq-sat,woodworking,f3bd0ee93b84ac927cbee00be0450bf59deccac7,16,p16.pddl,sha1
seq-sat,woodworking,f6c74af4beaee233d151c373648942e2ddfd2068,19,p19.pddl,sha1
