edicao,planejador,trilhas,dimensao,valor,portfolio_tipo,fonte,observacao
2011,LAMA-2011,todas,D1,Busca progressiva no espaço de estados,,"booklet IPC 2011, p. 51; auditoria/taxonomia/planejadores_museu_4d.csv",igual ao LAMA11 do EXP-13
2011,LAMA-2011,todas,D2,Heurísticas de relaxação,,"booklet IPC 2011, p. 51; auditoria/taxonomia/planejadores_museu_4d.csv",igual ao LAMA11 do EXP-13
2011,LAMA-2011,todas,D2,Landmarks,,"booklet IPC 2011, p. 51; auditoria/taxonomia/planejadores_museu_4d.csv",igual ao LAMA11 do EXP-13
2011,LAMA-2011,todas,D3,Variáveis multivaloradas,,"booklet IPC 2011, p. 51; auditoria/taxonomia/planejadores_museu_4d.csv",igual ao LAMA11 do EXP-13
2011,LAMA-2011,todas,D4,Planejador único,,"booklet IPC 2011, p. 51; auditoria/taxonomia/planejadores_museu_4d.csv",igual ao LAMA11 do EXP-13
2011,LAMA-2008,todas,D1,Busca progressiva no espaço de estados,,"booklet IPC 2011, p. 51; auditoria/taxonomia/planejadores_museu_4d.csv",igual ao LAMA08 do EXP-13
2011,LAMA-2008,todas,D2,Heurísticas de relaxação,,"booklet IPC 2011, p. 51; auditoria/taxonomia/planejadores_museu_4d.csv",igual ao LAMA08 do EXP-13
2011,LAMA-2008,todas,D2,Landmarks,,"booklet IPC 2011, p. 51; auditoria/taxonomia/planejadores_museu_4d.csv",igual ao LAMA08 do EXP-13
2011,LAMA-2008,todas,D3,Variáveis multivaloradas,,"booklet IPC 2011, p. 51; auditoria/taxonomia/planejadores_museu_4d.csv",igual ao LAMA08 do EXP-13
2011,LAMA-2008,todas,D4,Planejador único,,"booklet IPC 2011, p. 51; auditoria/taxonomia/planejadores_museu_4d.csv",igual ao LAMA08 do EXP-13
2011,FDSS-1,seq-sat,D1,Busca progressiva no espaço de estados,fixo,"booklet IPC 2011, p. 38–45, Tabela 2","componentes com tempo > 0: hFF, hadd, hCG, hcea; sem landmarks (corrige a suposição M2 do EXP-13 para esta versão)"
2011,FDSS-1,seq-sat,D2,Heurísticas de relaxação,fixo,"booklet IPC 2011, p. 38–45, Tabela 2","componentes com tempo > 0: hFF, hadd, hCG, hcea; sem landmarks (corrige a suposição M2 do EXP-13 para esta versão)"
2011,FDSS-1,seq-sat,D2,Grafo causal,fixo,"booklet IPC 2011, p. 38–45, Tabela 2","componentes com tempo > 0: hFF, hadd, hCG, hcea; sem landmarks (corrige a suposição M2 do EXP-13 para esta versão)"
2011,FDSS-1,seq-sat,D3,Variáveis multivaloradas,fixo,"booklet IPC 2011, p. 38–45, Tabela 2","componentes com tempo > 0: hFF, hadd, hCG, hcea; sem landmarks (corrige a suposição M2 do EXP-13 para esta versão)"
2011,FDSS-1,seq-sat,D4,Portfólio,fixo,"booklet IPC 2011, p. 38–45, Tabela 2","componentes com tempo > 0: hFF, hadd, hCG, hcea; sem landmarks (corrige a suposição M2 do EXP-13 para esta versão)"
2011,FDSS-2,seq-sat,D1,Busca progressiva no espaço de estados,fixo,"booklet IPC 2011, p. 38–45, Tabela 3",variante 2; mesmos tipos de componente
2011,FDSS-2,seq-sat,D2,Heurísticas de relaxação,fixo,"booklet IPC 2011, p. 38–45, Tabela 3",variante 2; mesmos tipos de componente
2011,FDSS-2,seq-sat,D2,Grafo causal,fixo,"booklet IPC 2011, p. 38–45, Tabela 3",variante 2; mesmos tipos de componente
2011,FDSS-2,seq-sat,D3,Variáveis multivaloradas,fixo,"booklet IPC 2011, p. 38–45, Tabela 3",variante 2; mesmos tipos de componente
2011,FDSS-2,seq-sat,D4,Portfólio,fixo,"booklet IPC 2011, p. 38–45, Tabela 3",variante 2; mesmos tipos de componente
2011,FDSS-1,seq-opt,D1,Busca progressiva no espaço de estados,fixo,"booklet IPC 2011, p. 38–45, Tabela 1","LM-cut, BJOLP e duas variantes de merge-and-shrink"
2011,FDSS-1,seq-opt,D2,Landmarks,fixo,"booklet IPC 2011, p. 38–45, Tabela 1","LM-cut, BJOLP e duas variantes de merge-and-shrink"
2011,FDSS-1,seq-opt,D2,Abstrações / pattern databases,fixo,"booklet IPC 2011, p. 38–45, Tabela 1","LM-cut, BJOLP e duas variantes de merge-and-shrink"
2011,FDSS-1,seq-opt,D3,Variáveis multivaloradas,fixo,"booklet IPC 2011, p. 38–45, Tabela 1","LM-cut, BJOLP e duas variantes de merge-and-shrink"
2011,FDSS-1,seq-opt,D4,Portfólio,fixo,"booklet IPC 2011, p. 38–45, Tabela 1","LM-cut, BJOLP e duas variantes de merge-and-shrink"
2011,FDSS-2,seq-opt,D1,Busca progressiva no espaço de estados,fixo,"booklet IPC 2011, p. 38–45",variante 2; mesmos tipos de componente [A CONFIRMAR] na tabela da variante
2011,FDSS-2,seq-opt,D2,Landmarks,fixo,"booklet IPC 2011, p. 38–45",variante 2; mesmos tipos de componente [A CONFIRMAR] na tabela da variante
2011,FDSS-2,seq-opt,D2,Abstrações / pattern databases,fixo,"booklet IPC 2011, p. 38–45",variante 2; mesmos tipos de componente [A CONFIRMAR] na tabela da variante
2011,FDSS-2,seq-opt,D3,Variáveis multivaloradas,fixo,"booklet IPC 2011, p. 38–45",variante 2; mesmos tipos de componente [A CONFIRMAR] na tabela da variante
2011,FDSS-2,seq-opt,D4,Portfólio,fixo,"booklet IPC 2011, p. 38–45",variante 2; mesmos tipos de componente [A CONFIRMAR] na tabela da variante
2011,FD-Autotune-1,seq-sat,D1,Busca progressiva no espaço de estados,,"booklet IPC 2011, p. 31–37, Tabelas 3–4","configuração do Fast Downward por ParamILS: hFF, hCG, hcea e contagem de metas habilitadas; EHC e busca preguiçosa"
2011,FD-Autotune-1,seq-sat,D2,Heurísticas de relaxação,,"booklet IPC 2011, p. 31–37, Tabelas 3–4","configuração do Fast Downward por ParamILS: hFF, hCG, hcea e contagem de metas habilitadas; EHC e busca preguiçosa"
2011,FD-Autotune-1,seq-sat,D2,Grafo causal,,"booklet IPC 2011, p. 31–37, Tabelas 3–4","configuração do Fast Downward por ParamILS: hFF, hCG, hcea e contagem de metas habilitadas; EHC e busca preguiçosa"
2011,FD-Autotune-1,seq-sat,D2,Contagem de metas,,"booklet IPC 2011, p. 31–37, Tabelas 3–4","configuração do Fast Downward por ParamILS: hFF, hCG, hcea e contagem de metas habilitadas; EHC e busca preguiçosa"
2011,FD-Autotune-1,seq-sat,D3,Variáveis multivaloradas,,"booklet IPC 2011, p. 31–37, Tabelas 3–4","configuração do Fast Downward por ParamILS: hFF, hCG, hcea e contagem de metas habilitadas; EHC e busca preguiçosa"
2011,FD-Autotune-1,seq-sat,D4,Planejador único,,"booklet IPC 2011, p. 31–37, Tabelas 3–4","configuração do Fast Downward por ParamILS: hFF, hCG, hcea e contagem de metas habilitadas; EHC e busca preguiçosa"
2011,FD-Autotune-2,seq-sat,D1,Busca progressiva no espaço de estados,,"booklet IPC 2011, p. 31–37, Tabelas 3–4","G1: fase inicial dentro da mesma execução (hFF), depois hadd, hCG, hcea e contagem de metas"
2011,FD-Autotune-2,seq-sat,D2,Heurísticas de relaxação,,"booklet IPC 2011, p. 31–37, Tabelas 3–4","G1: fase inicial dentro da mesma execução (hFF), depois hadd, hCG, hcea e contagem de metas"
2011,FD-Autotune-2,seq-sat,D2,Grafo causal,,"booklet IPC 2011, p. 31–37, Tabelas 3–4","G1: fase inicial dentro da mesma execução (hFF), depois hadd, hCG, hcea e contagem de metas"
2011,FD-Autotune-2,seq-sat,D2,Contagem de metas,,"booklet IPC 2011, p. 31–37, Tabelas 3–4","G1: fase inicial dentro da mesma execução (hFF), depois hadd, hCG, hcea e contagem de metas"
2011,FD-Autotune-2,seq-sat,D3,Variáveis multivaloradas,,"booklet IPC 2011, p. 31–37, Tabelas 3–4","G1: fase inicial dentro da mesma execução (hFF), depois hadd, hCG, hcea e contagem de metas"
2011,FD-Autotune-2,seq-sat,D4,Planejador único,,"booklet IPC 2011, p. 31–37, Tabelas 3–4","G1: fase inicial dentro da mesma execução (hFF), depois hadd, hCG, hcea e contagem de metas"
2011,FD-Autotune,seq-opt,D1,Busca progressiva no espaço de estados,,"booklet IPC 2011, p. 31–37, Tabela 2",A* com hmax e LM-cut habilitados
2011,FD-Autotune,seq-opt,D2,Heurísticas de relaxação,,"booklet IPC 2011, p. 31–37, Tabela 2",A* com hmax e LM-cut habilitados
2011,FD-Autotune,seq-opt,D2,Landmarks,,"booklet IPC 2011, p. 31–37, Tabela 2",A* com hmax e LM-cut habilitados
2011,FD-Autotune,seq-opt,D3,Variáveis multivaloradas,,"booklet IPC 2011, p. 31–37, Tabela 2",A* com hmax e LM-cut habilitados
2011,FD-Autotune,seq-opt,D4,Planejador único,,"booklet IPC 2011, p. 31–37, Tabela 2",A* com hmax e LM-cut habilitados
2011,Roamer,seq-sat,D1,Busca progressiva no espaço de estados,,"booklet IPC 2011, p. 73",base LAMA; passeios aleatórios para sair de platôs
2011,Roamer,seq-sat,D1,Busca local,,"booklet IPC 2011, p. 73",base LAMA; passeios aleatórios para sair de platôs
2011,Roamer,seq-sat,D2,Heurísticas de relaxação,,"booklet IPC 2011, p. 73",base LAMA; passeios aleatórios para sair de platôs
2011,Roamer,seq-sat,D2,Landmarks,,"booklet IPC 2011, p. 73",base LAMA; passeios aleatórios para sair de platôs
2011,Roamer,seq-sat,D3,Variáveis multivaloradas,,"booklet IPC 2011, p. 73",base LAMA; passeios aleatórios para sair de platôs
2011,Roamer,seq-sat,D4,Planejador único,,"booklet IPC 2011, p. 73",base LAMA; passeios aleatórios para sair de platôs
2011,Fork Uniform,seq-sat,D1,Busca progressiva no espaço de estados,,"booklet IPC 2011, p. 46",WA* iterado com abstrações implícitas (forks)
2011,Fork Uniform,seq-sat,D2,Abstrações / pattern databases,,"booklet IPC 2011, p. 46",WA* iterado com abstrações implícitas (forks)
2011,Fork Uniform,seq-sat,D3,Variáveis multivaloradas,,"booklet IPC 2011, p. 46",WA* iterado com abstrações implícitas (forks)
2011,Fork Uniform,seq-sat,D4,Planejador único,,"booklet IPC 2011, p. 46",WA* iterado com abstrações implícitas (forks)
2011,Probe,seq-sat,D1,Busca progressiva no espaço de estados,,"booklet IPC 2011, p. 71",GBFS com hadd e sondas guiadas por landmarks
2011,Probe,seq-sat,D2,Heurísticas de relaxação,,"booklet IPC 2011, p. 71",GBFS com hadd e sondas guiadas por landmarks
2011,Probe,seq-sat,D2,Landmarks,,"booklet IPC 2011, p. 71",GBFS com hadd e sondas guiadas por landmarks
2011,Probe,seq-sat,D3,Proposicional / STRIPS clássico,,"booklet IPC 2011, p. 71",GBFS com hadd e sondas guiadas por landmarks
2011,Probe,seq-sat,D4,Planejador único,,"booklet IPC 2011, p. 71",GBFS com hadd e sondas guiadas por landmarks
2011,Arvand,seq-sat,D1,Busca progressiva no espaço de estados,,"booklet IPC 2011, p. 15",passeios aleatórios de Monte Carlo com hFF; base Fast Downward
2011,Arvand,seq-sat,D1,Busca local,,"booklet IPC 2011, p. 15",passeios aleatórios de Monte Carlo com hFF; base Fast Downward
2011,Arvand,seq-sat,D2,Heurísticas de relaxação,,"booklet IPC 2011, p. 15",passeios aleatórios de Monte Carlo com hFF; base Fast Downward
2011,Arvand,seq-sat,D3,Variáveis multivaloradas,,"booklet IPC 2011, p. 15",passeios aleatórios de Monte Carlo com hFF; base Fast Downward
2011,Arvand,seq-sat,D4,Planejador único,,"booklet IPC 2011, p. 15",passeios aleatórios de Monte Carlo com hFF; base Fast Downward
2011,Lamar,seq-sat,D1,Busca progressiva no espaço de estados,,"booklet IPC 2011, p. 55",LAMA com hFF aleatorizado
2011,Lamar,seq-sat,D2,Heurísticas de relaxação,,"booklet IPC 2011, p. 55",LAMA com hFF aleatorizado
2011,Lamar,seq-sat,D2,Landmarks,,"booklet IPC 2011, p. 55",LAMA com hFF aleatorizado
2011,Lamar,seq-sat,D3,Variáveis multivaloradas,,"booklet IPC 2011, p. 55",LAMA com hFF aleatorizado
2011,Lamar,seq-sat,D4,Planejador único,,"booklet IPC 2011, p. 55",LAMA com hFF aleatorizado
2011,Randward,seq-sat,D1,Busca progressiva no espaço de estados,,"booklet IPC 2011, p. 55",Fast Downward com hFF aleatorizado
2011,Randward,seq-sat,D2,Heurísticas de relaxação,,"booklet IPC 2011, p. 55",Fast Downward com hFF aleatorizado
2011,Randward,seq-sat,D3,Variáveis multivaloradas,,"booklet IPC 2011, p. 55",Fast Downward com hFF aleatorizado
2011,Randward,seq-sat,D4,Planejador único,,"booklet IPC 2011, p. 55",Fast Downward com hFF aleatorizado
2011,BRT,seq-sat,D1,Decomposição/particionamento,,"booklet IPC 2011, p. 17",árvore aleatória (RRT) com viés calculado a partir de landmarks; Fast Downward como planejador base (heurística do base não informada)
2011,BRT,seq-sat,D1,Busca progressiva no espaço de estados,,"booklet IPC 2011, p. 17",árvore aleatória (RRT) com viés calculado a partir de landmarks; Fast Downward como planejador base (heurística do base não informada)
2011,BRT,seq-sat,D2,Landmarks,,"booklet IPC 2011, p. 17",árvore aleatória (RRT) com viés calculado a partir de landmarks; Fast Downward como planejador base (heurística do base não informada)
2011,BRT,seq-sat,D3,Variáveis multivaloradas,,"booklet IPC 2011, p. 17",árvore aleatória (RRT) com viés calculado a partir de landmarks; Fast Downward como planejador base (heurística do base não informada)
2011,BRT,seq-sat,D4,Decomposição interna com planejador base fixo,,"booklet IPC 2011, p. 17",árvore aleatória (RRT) com viés calculado a partir de landmarks; Fast Downward como planejador base (heurística do base não informada)
2011,CBP,seq-sat,D1,Busca progressiva no espaço de estados,,"booklet IPC 2011, p. 21",BFS com lookahead; grafo de planejamento relaxado com custos
2011,CBP,seq-sat,D2,Heurísticas de relaxação,,"booklet IPC 2011, p. 21",BFS com lookahead; grafo de planejamento relaxado com custos
2011,CBP,seq-sat,D3,Proposicional / STRIPS clássico,,"booklet IPC 2011, p. 21",BFS com lookahead; grafo de planejamento relaxado com custos
2011,CBP,seq-sat,D4,Planejador único,,"booklet IPC 2011, p. 21",BFS com lookahead; grafo de planejamento relaxado com custos
2011,CBP2,seq-sat,D1,Busca progressiva no espaço de estados,,"booklet IPC 2011, p. 21",segunda versão: propagação aditiva de custos
2011,CBP2,seq-sat,D2,Heurísticas de relaxação,,"booklet IPC 2011, p. 21",segunda versão: propagação aditiva de custos
2011,CBP2,seq-sat,D3,Proposicional / STRIPS clássico,,"booklet IPC 2011, p. 21",segunda versão: propagação aditiva de custos
2011,CBP2,seq-sat,D4,Planejador único,,"booklet IPC 2011, p. 21",segunda versão: propagação aditiva de custos
2011,DAE-YAHSP,seq-sat,D1,Decomposição/particionamento,,"booklet IPC 2011, p. 29",algoritmo evolutivo decompõe em submetas; YAHSP resolve cada uma
2011,DAE-YAHSP,seq-sat,D1,Busca progressiva no espaço de estados,,"booklet IPC 2011, p. 29",algoritmo evolutivo decompõe em submetas; YAHSP resolve cada uma
2011,DAE-YAHSP,seq-sat,D2,Heurísticas de relaxação,,"booklet IPC 2011, p. 29",algoritmo evolutivo decompõe em submetas; YAHSP resolve cada uma
2011,DAE-YAHSP,seq-sat,D3,Proposicional / STRIPS clássico,,"booklet IPC 2011, p. 29",algoritmo evolutivo decompõe em submetas; YAHSP resolve cada uma
2011,DAE-YAHSP,seq-sat,D4,Decomposição interna com planejador base fixo,,"booklet IPC 2011, p. 29",algoritmo evolutivo decompõe em submetas; YAHSP resolve cada uma
2011,YAHSP2,seq-sat,D1,Busca progressiva no espaço de estados,,"booklet IPC 2011, p. 83",lookahead a partir de planos relaxados
2011,YAHSP2,seq-sat,D2,Heurísticas de relaxação,,"booklet IPC 2011, p. 83",lookahead a partir de planos relaxados
2011,YAHSP2,seq-sat,D3,Proposicional / STRIPS clássico,,"booklet IPC 2011, p. 83",lookahead a partir de planos relaxados
2011,YAHSP2,seq-sat,D4,Planejador único,,"booklet IPC 2011, p. 83",lookahead a partir de planos relaxados
2011,YAHSP2-MT,seq-sat,D1,Busca progressiva no espaço de estados,,"booklet IPC 2011, p. 83",versão paralelizada do YAHSP2 (não é portfólio)
2011,YAHSP2-MT,seq-sat,D2,Heurísticas de relaxação,,"booklet IPC 2011, p. 83",versão paralelizada do YAHSP2 (não é portfólio)
2011,YAHSP2-MT,seq-sat,D3,Proposicional / STRIPS clássico,,"booklet IPC 2011, p. 83",versão paralelizada do YAHSP2 (não é portfólio)
2011,YAHSP2-MT,seq-sat,D4,Planejador único,,"booklet IPC 2011, p. 83",versão paralelizada do YAHSP2 (não é portfólio)
2011,LPRPG-P,seq-sat,D1,Busca progressiva no espaço de estados,,"booklet IPC 2011, p. 58",grafo de planejamento relaxado com programação linear para recursos
2011,LPRPG-P,seq-sat,D2,Heurísticas de relaxação,,"booklet IPC 2011, p. 58",grafo de planejamento relaxado com programação linear para recursos
2011,LPRPG-P,seq-sat,D3,Proposicional / STRIPS clássico,,"booklet IPC 2011, p. 58",grafo de planejamento relaxado com programação linear para recursos
2011,LPRPG-P,seq-sat,D4,Planejador único,,"booklet IPC 2011, p. 58",grafo de planejamento relaxado com programação linear para recursos
2011,Madagascar-p,seq-sat,D1,Compilação para SAT/CSP,,"booklet IPC 2011, p. 61",Mp: heurística de SAT específica para planejamento (N3)
2011,Madagascar-p,seq-sat,D2,Heurística de SAT para planejamento,,"booklet IPC 2011, p. 61",Mp: heurística de SAT específica para planejamento (N3)
2011,Madagascar-p,seq-sat,D3,Proposicional traduzido em SAT/CNF,,"booklet IPC 2011, p. 61",Mp: heurística de SAT específica para planejamento (N3)
2011,Madagascar-p,seq-sat,D4,Planejador único,,"booklet IPC 2011, p. 61",Mp: heurística de SAT específica para planejamento (N3)
2011,Madagascar,seq-sat,D1,Compilação para SAT/CSP,,"booklet IPC 2011, p. 61",M: sem a heurística específica do Mp
2011,Madagascar,seq-sat,D2,Sem heurística,,"booklet IPC 2011, p. 61",M: sem a heurística específica do Mp
2011,Madagascar,seq-sat,D3,Proposicional traduzido em SAT/CNF,,"booklet IPC 2011, p. 61",M: sem a heurística específica do Mp
2011,Madagascar,seq-sat,D4,Planejador único,,"booklet IPC 2011, p. 61",M: sem a heurística específica do Mp
2011,POPF2,seq-sat,D1,Busca progressiva no espaço de estados,,"booklet IPC 2011, p. 65",busca progressiva que expande planos de ordem parcial
2011,POPF2,seq-sat,D1,Busca no espaço de planos parciais,,"booklet IPC 2011, p. 65",busca progressiva que expande planos de ordem parcial
2011,POPF2,seq-sat,D2,Heurísticas de relaxação,,"booklet IPC 2011, p. 65",busca progressiva que expande planos de ordem parcial
2011,POPF2,seq-sat,D3,Proposicional / STRIPS clássico,,"booklet IPC 2011, p. 65",busca progressiva que expande planos de ordem parcial
2011,POPF2,seq-sat,D4,Planejador único,,"booklet IPC 2011, p. 65",busca progressiva que expande planos de ordem parcial
2011,CPT4,todas,D1,Busca no espaço de planos parciais,,"booklet IPC 2011, p. 25",planos parciais com propagação de restrições; heurística não descrita no resumo
2011,CPT4,todas,D1,Compilação para SAT/CSP,,"booklet IPC 2011, p. 25",planos parciais com propagação de restrições; heurística não descrita no resumo
2011,CPT4,todas,D2,não determinado,,"booklet IPC 2011, p. 25",planos parciais com propagação de restrições; heurística não descrita no resumo
2011,CPT4,todas,D3,Proposicional / STRIPS clássico,,"booklet IPC 2011, p. 25",planos parciais com propagação de restrições; heurística não descrita no resumo
2011,CPT4,todas,D4,Planejador único,,"booklet IPC 2011, p. 25",planos parciais com propagação de restrições; heurística não descrita no resumo
2011,SATPLANLM-C,seq-sat,D1,Compilação para SAT/CSP,,"booklet IPC 2011, p. 77","SatPlan com landmarks codificados como cláusulas (restrições, não heurística)"
2011,SATPLANLM-C,seq-sat,D2,Sem heurística,,"booklet IPC 2011, p. 77","SatPlan com landmarks codificados como cláusulas (restrições, não heurística)"
2011,SATPLANLM-C,seq-sat,D3,Proposicional traduzido em SAT/CNF,,"booklet IPC 2011, p. 77","SatPlan com landmarks codificados como cláusulas (restrições, não heurística)"
2011,SATPLANLM-C,seq-sat,D4,Planejador único,,"booklet IPC 2011, p. 77","SatPlan com landmarks codificados como cláusulas (restrições, não heurística)"
2011,Sharaabi,seq-sat,D1,Busca progressiva no espaço de estados,,"booklet IPC 2011, p. 79",planejador temporal derivado do DRIPS/SAPA
2011,Sharaabi,seq-sat,D2,não determinado,,"booklet IPC 2011, p. 79",planejador temporal derivado do DRIPS/SAPA
2011,Sharaabi,seq-sat,D3,Proposicional / STRIPS clássico,,"booklet IPC 2011, p. 79",planejador temporal derivado do DRIPS/SAPA
2011,Sharaabi,seq-sat,D4,Planejador único,,"booklet IPC 2011, p. 79",planejador temporal derivado do DRIPS/SAPA
2011,ACOPlan,seq-sat,D1,Busca progressiva no espaço de estados,,"booklet IPC 2011, p. 11",colônia de formigas: construção estocástica progressiva com heurística de plano relaxado
2011,ACOPlan,seq-sat,D2,Heurísticas de relaxação,,"booklet IPC 2011, p. 11",colônia de formigas: construção estocástica progressiva com heurística de plano relaxado
2011,ACOPlan,seq-sat,D3,Proposicional / STRIPS clássico,,"booklet IPC 2011, p. 11",colônia de formigas: construção estocástica progressiva com heurística de plano relaxado
2011,ACOPlan,seq-sat,D4,Planejador único,,"booklet IPC 2011, p. 11",colônia de formigas: construção estocástica progressiva com heurística de plano relaxado
2011,ACOPlan2,seq-sat,D1,Busca progressiva no espaço de estados,,"booklet IPC 2011, p. 11","mesmo algoritmo do ACOPlan, outra implementação"
2011,ACOPlan2,seq-sat,D2,Heurísticas de relaxação,,"booklet IPC 2011, p. 11","mesmo algoritmo do ACOPlan, outra implementação"
2011,ACOPlan2,seq-sat,D3,Proposicional / STRIPS clássico,,"booklet IPC 2011, p. 11","mesmo algoritmo do ACOPlan, outra implementação"
2011,ACOPlan2,seq-sat,D4,Planejador único,,"booklet IPC 2011, p. 11","mesmo algoritmo do ACOPlan, outra implementação"
2011,Selective Max,seq-opt,D1,Busca progressiva no espaço de estados,,"booklet IPC 2011, p. 108",escolhe por estado entre LM-cut e hLA numa única busca (G1)
2011,Selective Max,seq-opt,D2,Landmarks,,"booklet IPC 2011, p. 108",escolhe por estado entre LM-cut e hLA numa única busca (G1)
2011,Selective Max,seq-opt,D3,Variáveis multivaloradas,,"booklet IPC 2011, p. 108",escolhe por estado entre LM-cut e hLA numa única busca (G1)
2011,Selective Max,seq-opt,D4,Planejador único,,"booklet IPC 2011, p. 108",escolhe por estado entre LM-cut e hLA numa única busca (G1)
2011,Merge and Shrink,seq-opt,D1,Busca progressiva no espaço de estados,fixo,"booklet IPC 2011, p. 106","G1, área cinzenta: duas execuções separadas de A*, cada uma com uma estratégia de merge-and-shrink"
2011,Merge and Shrink,seq-opt,D2,Abstrações / pattern databases,fixo,"booklet IPC 2011, p. 106","G1, área cinzenta: duas execuções separadas de A*, cada uma com uma estratégia de merge-and-shrink"
2011,Merge and Shrink,seq-opt,D3,Variáveis multivaloradas,fixo,"booklet IPC 2011, p. 106","G1, área cinzenta: duas execuções separadas de A*, cada uma com uma estratégia de merge-and-shrink"
2011,Merge and Shrink,seq-opt,D4,Portfólio,fixo,"booklet IPC 2011, p. 106","G1, área cinzenta: duas execuções separadas de A*, cada uma com uma estratégia de merge-and-shrink"
2011,LM-cut,seq-opt,D1,Busca progressiva no espaço de estados,,"booklet IPC 2011, p. 103",A* com LM-cut
2011,LM-cut,seq-opt,D2,Landmarks,,"booklet IPC 2011, p. 103",A* com LM-cut
2011,LM-cut,seq-opt,D3,Variáveis multivaloradas,,"booklet IPC 2011, p. 103",A* com LM-cut
2011,LM-cut,seq-opt,D4,Planejador único,,"booklet IPC 2011, p. 103",A* com LM-cut
2011,Fork Init,seq-opt,D1,Busca progressiva no espaço de estados,,"booklet IPC 2011, p. 46",A* com abstrações implícitas (forks)
2011,Fork Init,seq-opt,D2,Abstrações / pattern databases,,"booklet IPC 2011, p. 46",A* com abstrações implícitas (forks)
2011,Fork Init,seq-opt,D3,Variáveis multivaloradas,,"booklet IPC 2011, p. 46",A* com abstrações implícitas (forks)
2011,Fork Init,seq-opt,D4,Planejador único,,"booklet IPC 2011, p. 46",A* com abstrações implícitas (forks)
2011,IFork Init,seq-opt,D1,Busca progressiva no espaço de estados,,"booklet IPC 2011, p. 46",A* com abstrações implícitas (forks invertidos)
2011,IFork Init,seq-opt,D2,Abstrações / pattern databases,,"booklet IPC 2011, p. 46",A* com abstrações implícitas (forks invertidos)
2011,IFork Init,seq-opt,D3,Variáveis multivaloradas,,"booklet IPC 2011, p. 46",A* com abstrações implícitas (forks invertidos)
2011,IFork Init,seq-opt,D4,Planejador único,,"booklet IPC 2011, p. 46",A* com abstrações implícitas (forks invertidos)
2011,LMFork,seq-opt,D1,Busca progressiva no espaço de estados,,"booklet IPC 2011, p. 46",LM-A* com forks sobre a tarefa enriquecida por landmarks
2011,LMFork,seq-opt,D2,Abstrações / pattern databases,,"booklet IPC 2011, p. 46",LM-A* com forks sobre a tarefa enriquecida por landmarks
2011,LMFork,seq-opt,D2,Landmarks,,"booklet IPC 2011, p. 46",LM-A* com forks sobre a tarefa enriquecida por landmarks
2011,LMFork,seq-opt,D3,Variáveis multivaloradas,,"booklet IPC 2011, p. 46",LM-A* com forks sobre a tarefa enriquecida por landmarks
2011,LMFork,seq-opt,D4,Planejador único,,"booklet IPC 2011, p. 46",LM-A* com forks sobre a tarefa enriquecida por landmarks
2011,BJOLP,seq-opt,D1,Busca progressiva no espaço de estados,,"booklet IPC 2011, p. 91",LM-A* com heurística admissível de landmarks
2011,BJOLP,seq-opt,D2,Landmarks,,"booklet IPC 2011, p. 91",LM-A* com heurística admissível de landmarks
2011,BJOLP,seq-opt,D3,Variáveis multivaloradas,,"booklet IPC 2011, p. 91",LM-A* com heurística admissível de landmarks
2011,BJOLP,seq-opt,D4,Planejador único,,"booklet IPC 2011, p. 91",LM-A* com heurística admissível de landmarks
2011,Gamer,seq-opt,D1,Busca simbólica (BDD),,"booklet IPC 2011, p. 96",busca simbólica com PDBs simbólicos
2011,Gamer,seq-opt,D2,Abstrações / pattern databases,,"booklet IPC 2011, p. 96",busca simbólica com PDBs simbólicos
2011,Gamer,seq-opt,D3,Simbólica (BDD),,"booklet IPC 2011, p. 96",busca simbólica com PDBs simbólicos
2011,Gamer,seq-opt,D4,Planejador único,,"booklet IPC 2011, p. 96",busca simbólica com PDBs simbólicos
2018,lama11,todas,D1,Busca progressiva no espaço de estados,,https://ipc2018-classical.bitbucket.io/ (linhas de base); auditoria/taxonomia/planejadores_museu_4d.csv,"linha de base LAMA 2011; na agile, para no primeiro plano"
2018,lama11,todas,D2,Heurísticas de relaxação,,https://ipc2018-classical.bitbucket.io/ (linhas de base); auditoria/taxonomia/planejadores_museu_4d.csv,"linha de base LAMA 2011; na agile, para no primeiro plano"
2018,lama11,todas,D2,Landmarks,,https://ipc2018-classical.bitbucket.io/ (linhas de base); auditoria/taxonomia/planejadores_museu_4d.csv,"linha de base LAMA 2011; na agile, para no primeiro plano"
2018,lama11,todas,D3,Variáveis multivaloradas,,https://ipc2018-classical.bitbucket.io/ (linhas de base); auditoria/taxonomia/planejadores_museu_4d.csv,"linha de base LAMA 2011; na agile, para no primeiro plano"
2018,lama11,todas,D4,Planejador único,,https://ipc2018-classical.bitbucket.io/ (linhas de base); auditoria/taxonomia/planejadores_museu_4d.csv,"linha de base LAMA 2011; na agile, para no primeiro plano"
2018,blind,seq-opt,D1,Busca progressiva no espaço de estados,,https://ipc2018-classical.bitbucket.io/ (linhas de base),linha de base: A* com heurística cega
2018,blind,seq-opt,D2,Sem heurística,,https://ipc2018-classical.bitbucket.io/ (linhas de base),linha de base: A* com heurística cega
2018,blind,seq-opt,D3,Variáveis multivaloradas,,https://ipc2018-classical.bitbucket.io/ (linhas de base),linha de base: A* com heurística cega
2018,blind,seq-opt,D4,Planejador único,,https://ipc2018-classical.bitbucket.io/ (linhas de base),linha de base: A* com heurística cega
2018,sbd,seq-opt,D1,Busca simbólica (BDD),,https://ipc2018-classical.bitbucket.io/ (linhas de base),linha de base: busca simbólica bidirecional de custo uniforme
2018,sbd,seq-opt,D2,Sem heurística,,https://ipc2018-classical.bitbucket.io/ (linhas de base),linha de base: busca simbólica bidirecional de custo uniforme
2018,sbd,seq-opt,D3,Simbólica (BDD),,https://ipc2018-classical.bitbucket.io/ (linhas de base),linha de base: busca simbólica bidirecional de custo uniforme
2018,sbd,seq-opt,D4,Planejador único,,https://ipc2018-classical.bitbucket.io/ (linhas de base),linha de base: busca simbólica bidirecional de custo uniforme
2018,Saarplan,todas,D1,Busca desacoplada (topologia em estrela),fixo,https://ipc2018-classical.bitbucket.io/planner-abstracts/team7.pdf; auditoria/taxonomia/planejadores_museu_4d.csv,"igual ao EXP-13; tipo: sequência fixa (decoupled, grey planning, hCFF)"
2018,Saarplan,todas,D1,Busca progressiva no espaço de estados,fixo,https://ipc2018-classical.bitbucket.io/planner-abstracts/team7.pdf; auditoria/taxonomia/planejadores_museu_4d.csv,"igual ao EXP-13; tipo: sequência fixa (decoupled, grey planning, hCFF)"
2018,Saarplan,todas,D2,Relaxação parcial (red-black),fixo,https://ipc2018-classical.bitbucket.io/planner-abstracts/team7.pdf; auditoria/taxonomia/planejadores_museu_4d.csv,"igual ao EXP-13; tipo: sequência fixa (decoupled, grey planning, hCFF)"
2018,Saarplan,todas,D3,Variáveis multivaloradas,fixo,https://ipc2018-classical.bitbucket.io/planner-abstracts/team7.pdf; auditoria/taxonomia/planejadores_museu_4d.csv,"igual ao EXP-13; tipo: sequência fixa (decoupled, grey planning, hCFF)"
2018,Saarplan,todas,D4,Portfólio,fixo,https://ipc2018-classical.bitbucket.io/planner-abstracts/team7.pdf; auditoria/taxonomia/planejadores_museu_4d.csv,"igual ao EXP-13; tipo: sequência fixa (decoupled, grey planning, hCFF)"
2018,Fast Downward Remix,todas,D1,Busca progressiva no espaço de estados,fixo,https://ipc2018-classical.bitbucket.io/planner-abstracts/team43.pdf; auditoria/taxonomia/planejadores_museu_4d.csv,igual ao EXP-13
2018,Fast Downward Remix,todas,D2,Heurísticas de relaxação,fixo,https://ipc2018-classical.bitbucket.io/planner-abstracts/team43.pdf; auditoria/taxonomia/planejadores_museu_4d.csv,igual ao EXP-13
2018,Fast Downward Remix,todas,D2,Grafo causal,fixo,https://ipc2018-classical.bitbucket.io/planner-abstracts/team43.pdf; auditoria/taxonomia/planejadores_museu_4d.csv,igual ao EXP-13
2018,Fast Downward Remix,todas,D2,Landmarks,fixo,https://ipc2018-classical.bitbucket.io/planner-abstracts/team43.pdf; auditoria/taxonomia/planejadores_museu_4d.csv,igual ao EXP-13
2018,Fast Downward Remix,todas,D3,Variáveis multivaloradas,fixo,https://ipc2018-classical.bitbucket.io/planner-abstracts/team43.pdf; auditoria/taxonomia/planejadores_museu_4d.csv,igual ao EXP-13
2018,Fast Downward Remix,todas,D4,Portfólio,fixo,https://ipc2018-classical.bitbucket.io/planner-abstracts/team43.pdf; auditoria/taxonomia/planejadores_museu_4d.csv,igual ao EXP-13
2018,LAPKT-BFWS-Preference,todas,D1,Busca por largura/novidade,,https://ipc2018-classical.bitbucket.io/planner-abstracts/teams_1_20_30_31_36_47.pdf; auditoria/taxonomia/planejadores_museu_4d.csv,igual ao EXP-13
2018,LAPKT-BFWS-Preference,todas,D1,Busca progressiva no espaço de estados,,https://ipc2018-classical.bitbucket.io/planner-abstracts/teams_1_20_30_31_36_47.pdf; auditoria/taxonomia/planejadores_museu_4d.csv,igual ao EXP-13
2018,LAPKT-BFWS-Preference,todas,D2,Contagem de metas,,https://ipc2018-classical.bitbucket.io/planner-abstracts/teams_1_20_30_31_36_47.pdf; auditoria/taxonomia/planejadores_museu_4d.csv,igual ao EXP-13
2018,LAPKT-BFWS-Preference,todas,D2,Heurísticas de relaxação,,https://ipc2018-classical.bitbucket.io/planner-abstracts/teams_1_20_30_31_36_47.pdf; auditoria/taxonomia/planejadores_museu_4d.csv,igual ao EXP-13
2018,LAPKT-BFWS-Preference,todas,D3,Proposicional / STRIPS clássico,,https://ipc2018-classical.bitbucket.io/planner-abstracts/teams_1_20_30_31_36_47.pdf; auditoria/taxonomia/planejadores_museu_4d.csv,igual ao EXP-13
2018,LAPKT-BFWS-Preference,todas,D4,Planejador único,,https://ipc2018-classical.bitbucket.io/planner-abstracts/teams_1_20_30_31_36_47.pdf; auditoria/taxonomia/planejadores_museu_4d.csv,igual ao EXP-13
2018,Fast Downward Stone Soup 2018,seq-sat,D1,Busca progressiva no espaço de estados,fixo,https://ipc2018-classical.bitbucket.io/planner-abstracts/team45.pdf,"componentes dos portfólios Cedalion, Stone Soup 2014 e Uniform e variantes do LAMA 2011 (mesma origem do FD Remix)"
2018,Fast Downward Stone Soup 2018,seq-sat,D2,Heurísticas de relaxação,fixo,https://ipc2018-classical.bitbucket.io/planner-abstracts/team45.pdf,"componentes dos portfólios Cedalion, Stone Soup 2014 e Uniform e variantes do LAMA 2011 (mesma origem do FD Remix)"
2018,Fast Downward Stone Soup 2018,seq-sat,D2,Grafo causal,fixo,https://ipc2018-classical.bitbucket.io/planner-abstracts/team45.pdf,"componentes dos portfólios Cedalion, Stone Soup 2014 e Uniform e variantes do LAMA 2011 (mesma origem do FD Remix)"
2018,Fast Downward Stone Soup 2018,seq-sat,D2,Landmarks,fixo,https://ipc2018-classical.bitbucket.io/planner-abstracts/team45.pdf,"componentes dos portfólios Cedalion, Stone Soup 2014 e Uniform e variantes do LAMA 2011 (mesma origem do FD Remix)"
2018,Fast Downward Stone Soup 2018,seq-sat,D3,Variáveis multivaloradas,fixo,https://ipc2018-classical.bitbucket.io/planner-abstracts/team45.pdf,"componentes dos portfólios Cedalion, Stone Soup 2014 e Uniform e variantes do LAMA 2011 (mesma origem do FD Remix)"
2018,Fast Downward Stone Soup 2018,seq-sat,D4,Portfólio,fixo,https://ipc2018-classical.bitbucket.io/planner-abstracts/team45.pdf,"componentes dos portfólios Cedalion, Stone Soup 2014 e Uniform e variantes do LAMA 2011 (mesma origem do FD Remix)"
2018,fs-blind,todas,D1,Busca por largura/novidade,,https://ipc2018-classical.bitbucket.io/planner-abstracts/teams_1_20_30_31_36_47.pdf,BFWS com simulador (caixa-preta sobre o gerador de sucessores do Fast Downward)
2018,fs-blind,todas,D1,Busca progressiva no espaço de estados,,https://ipc2018-classical.bitbucket.io/planner-abstracts/teams_1_20_30_31_36_47.pdf,BFWS com simulador (caixa-preta sobre o gerador de sucessores do Fast Downward)
2018,fs-blind,todas,D2,Contagem de metas,,https://ipc2018-classical.bitbucket.io/planner-abstracts/teams_1_20_30_31_36_47.pdf,BFWS com simulador (caixa-preta sobre o gerador de sucessores do Fast Downward)
2018,fs-blind,todas,D3,Variáveis multivaloradas,,https://ipc2018-classical.bitbucket.io/planner-abstracts/teams_1_20_30_31_36_47.pdf,BFWS com simulador (caixa-preta sobre o gerador de sucessores do Fast Downward)
2018,fs-blind,todas,D4,Planejador único,,https://ipc2018-classical.bitbucket.io/planner-abstracts/teams_1_20_30_31_36_47.pdf,BFWS com simulador (caixa-preta sobre o gerador de sucessores do Fast Downward)
2018,fs-sim,todas,D1,Busca por largura/novidade,,https://ipc2018-classical.bitbucket.io/planner-abstracts/teams_1_20_30_31_36_47.pdf,"como o fs-blind, com informação de metas obtida por IW(1) e IW(2)"
2018,fs-sim,todas,D1,Busca progressiva no espaço de estados,,https://ipc2018-classical.bitbucket.io/planner-abstracts/teams_1_20_30_31_36_47.pdf,"como o fs-blind, com informação de metas obtida por IW(1) e IW(2)"
2018,fs-sim,todas,D2,Contagem de metas,,https://ipc2018-classical.bitbucket.io/planner-abstracts/teams_1_20_30_31_36_47.pdf,"como o fs-blind, com informação de metas obtida por IW(1) e IW(2)"
2018,fs-sim,todas,D3,Variáveis multivaloradas,,https://ipc2018-classical.bitbucket.io/planner-abstracts/teams_1_20_30_31_36_47.pdf,"como o fs-blind, com informação de metas obtida por IW(1) e IW(2)"
2018,fs-sim,todas,D4,Planejador único,,https://ipc2018-classical.bitbucket.io/planner-abstracts/teams_1_20_30_31_36_47.pdf,"como o fs-blind, com informação de metas obtida por IW(1) e IW(2)"
2018,LAPKT-DUAL-BFWS,todas,D1,Busca por largura/novidade,,https://ipc2018-classical.bitbucket.io/planner-abstracts/teams_1_20_30_31_36_47.pdf,"1-BFWS e, se falhar, BFWS(f6) com hL e hFF (G1: segunda fase)"
2018,LAPKT-DUAL-BFWS,todas,D1,Busca progressiva no espaço de estados,,https://ipc2018-classical.bitbucket.io/planner-abstracts/teams_1_20_30_31_36_47.pdf,"1-BFWS e, se falhar, BFWS(f6) com hL e hFF (G1: segunda fase)"
2018,LAPKT-DUAL-BFWS,todas,D2,Contagem de metas,,https://ipc2018-classical.bitbucket.io/planner-abstracts/teams_1_20_30_31_36_47.pdf,"1-BFWS e, se falhar, BFWS(f6) com hL e hFF (G1: segunda fase)"
2018,LAPKT-DUAL-BFWS,todas,D2,Landmarks,,https://ipc2018-classical.bitbucket.io/planner-abstracts/teams_1_20_30_31_36_47.pdf,"1-BFWS e, se falhar, BFWS(f6) com hL e hFF (G1: segunda fase)"
2018,LAPKT-DUAL-BFWS,todas,D2,Heurísticas de relaxação,,https://ipc2018-classical.bitbucket.io/planner-abstracts/teams_1_20_30_31_36_47.pdf,"1-BFWS e, se falhar, BFWS(f6) com hL e hFF (G1: segunda fase)"
2018,LAPKT-DUAL-BFWS,todas,D3,Proposicional / STRIPS clássico,,https://ipc2018-classical.bitbucket.io/planner-abstracts/teams_1_20_30_31_36_47.pdf,"1-BFWS e, se falhar, BFWS(f6) com hL e hFF (G1: segunda fase)"
2018,LAPKT-DUAL-BFWS,todas,D4,Planejador único,,https://ipc2018-classical.bitbucket.io/planner-abstracts/teams_1_20_30_31_36_47.pdf,"1-BFWS e, se falhar, BFWS(f6) com hL e hFF (G1: segunda fase)"
2018,LAPKT-POLYNOMIAL-BFWS,todas,D1,Busca por largura/novidade,,https://ipc2018-classical.bitbucket.io/planner-abstracts/teams_1_20_30_31_36_47.pdf,k-BFWS(f5) polinomial
2018,LAPKT-POLYNOMIAL-BFWS,todas,D1,Busca progressiva no espaço de estados,,https://ipc2018-classical.bitbucket.io/planner-abstracts/teams_1_20_30_31_36_47.pdf,k-BFWS(f5) polinomial
2018,LAPKT-POLYNOMIAL-BFWS,todas,D2,Contagem de metas,,https://ipc2018-classical.bitbucket.io/planner-abstracts/teams_1_20_30_31_36_47.pdf,k-BFWS(f5) polinomial
2018,LAPKT-POLYNOMIAL-BFWS,todas,D2,Heurísticas de relaxação,,https://ipc2018-classical.bitbucket.io/planner-abstracts/teams_1_20_30_31_36_47.pdf,k-BFWS(f5) polinomial
2018,LAPKT-POLYNOMIAL-BFWS,todas,D3,Proposicional / STRIPS clássico,,https://ipc2018-classical.bitbucket.io/planner-abstracts/teams_1_20_30_31_36_47.pdf,k-BFWS(f5) polinomial
2018,LAPKT-POLYNOMIAL-BFWS,todas,D4,Planejador único,,https://ipc2018-classical.bitbucket.io/planner-abstracts/teams_1_20_30_31_36_47.pdf,k-BFWS(f5) polinomial
2018,LAPKT-DFS+,todas,D1,Busca por largura/novidade,,https://ipc2018-classical.bitbucket.io/planner-abstracts/teams_1_20_30_31_36_47.pdf,extensão do SIW+
2018,LAPKT-DFS+,todas,D1,Busca progressiva no espaço de estados,,https://ipc2018-classical.bitbucket.io/planner-abstracts/teams_1_20_30_31_36_47.pdf,extensão do SIW+
2018,LAPKT-DFS+,todas,D2,Contagem de metas,,https://ipc2018-classical.bitbucket.io/planner-abstracts/teams_1_20_30_31_36_47.pdf,extensão do SIW+
2018,LAPKT-DFS+,todas,D2,Heurísticas de relaxação,,https://ipc2018-classical.bitbucket.io/planner-abstracts/teams_1_20_30_31_36_47.pdf,extensão do SIW+
2018,LAPKT-DFS+,todas,D3,Proposicional / STRIPS clássico,,https://ipc2018-classical.bitbucket.io/planner-abstracts/teams_1_20_30_31_36_47.pdf,extensão do SIW+
2018,LAPKT-DFS+,todas,D4,Planejador único,,https://ipc2018-classical.bitbucket.io/planner-abstracts/teams_1_20_30_31_36_47.pdf,extensão do SIW+
2018,alien,todas,D1,Busca por largura/novidade,,https://ipc2018-classical.bitbucket.io/planner-abstracts/team33.pdf,quase o BFWS de Lipovetzky (2017) com hFF; representação não descrita
2018,alien,todas,D1,Busca progressiva no espaço de estados,,https://ipc2018-classical.bitbucket.io/planner-abstracts/team33.pdf,quase o BFWS de Lipovetzky (2017) com hFF; representação não descrita
2018,alien,todas,D2,Heurísticas de relaxação,,https://ipc2018-classical.bitbucket.io/planner-abstracts/team33.pdf,quase o BFWS de Lipovetzky (2017) com hFF; representação não descrita
2018,alien,todas,D3,não determinado,,https://ipc2018-classical.bitbucket.io/planner-abstracts/team33.pdf,quase o BFWS de Lipovetzky (2017) com hFF; representação não descrita
2018,alien,todas,D4,Planejador único,,https://ipc2018-classical.bitbucket.io/planner-abstracts/team33.pdf,quase o BFWS de Lipovetzky (2017) com hFF; representação não descrita
2018,DecStar,seq-opt,D1,Busca desacoplada (topologia em estrela),,https://ipc2018-classical.bitbucket.io/planner-abstracts/team2.pdf,"busca desacoplada com busca explícita como alternativa (G1); PDB, LM-cut, merge-and-shrink e contagem de landmarks"
2018,DecStar,seq-opt,D1,Busca progressiva no espaço de estados,,https://ipc2018-classical.bitbucket.io/planner-abstracts/team2.pdf,"busca desacoplada com busca explícita como alternativa (G1); PDB, LM-cut, merge-and-shrink e contagem de landmarks"
2018,DecStar,seq-opt,D2,Abstrações / pattern databases,,https://ipc2018-classical.bitbucket.io/planner-abstracts/team2.pdf,"busca desacoplada com busca explícita como alternativa (G1); PDB, LM-cut, merge-and-shrink e contagem de landmarks"
2018,DecStar,seq-opt,D2,Landmarks,,https://ipc2018-classical.bitbucket.io/planner-abstracts/team2.pdf,"busca desacoplada com busca explícita como alternativa (G1); PDB, LM-cut, merge-and-shrink e contagem de landmarks"
2018,DecStar,seq-opt,D3,Variáveis multivaloradas,,https://ipc2018-classical.bitbucket.io/planner-abstracts/team2.pdf,"busca desacoplada com busca explícita como alternativa (G1); PDB, LM-cut, merge-and-shrink e contagem de landmarks"
2018,DecStar,seq-opt,D4,Planejador único,,https://ipc2018-classical.bitbucket.io/planner-abstracts/team2.pdf,"busca desacoplada com busca explícita como alternativa (G1); PDB, LM-cut, merge-and-shrink e contagem de landmarks"
2018,DecStar,"seq-sat,seq-agl",D1,Busca desacoplada (topologia em estrela),,https://ipc2018-classical.bitbucket.io/planner-abstracts/team2.pdf,busca desacoplada; hFF e configuração parecida com a do LAMA
2018,DecStar,"seq-sat,seq-agl",D1,Busca progressiva no espaço de estados,,https://ipc2018-classical.bitbucket.io/planner-abstracts/team2.pdf,busca desacoplada; hFF e configuração parecida com a do LAMA
2018,DecStar,"seq-sat,seq-agl",D2,Heurísticas de relaxação,,https://ipc2018-classical.bitbucket.io/planner-abstracts/team2.pdf,busca desacoplada; hFF e configuração parecida com a do LAMA
2018,DecStar,"seq-sat,seq-agl",D2,Landmarks,,https://ipc2018-classical.bitbucket.io/planner-abstracts/team2.pdf,busca desacoplada; hFF e configuração parecida com a do LAMA
2018,DecStar,"seq-sat,seq-agl",D3,Variáveis multivaloradas,,https://ipc2018-classical.bitbucket.io/planner-abstracts/team2.pdf,busca desacoplada; hFF e configuração parecida com a do LAMA
2018,DecStar,"seq-sat,seq-agl",D4,Planejador único,,https://ipc2018-classical.bitbucket.io/planner-abstracts/team2.pdf,busca desacoplada; hFF e configuração parecida com a do LAMA
2018,Symple-1,todas,D1,Busca simbólica (BDD),,https://ipc2018-classical.bitbucket.io/planner-abstracts/teams_3_10.pdf,busca simbólica bidirecional com EVMDDs (diagramas de decisão)
2018,Symple-1,todas,D2,não determinado,,https://ipc2018-classical.bitbucket.io/planner-abstracts/teams_3_10.pdf,busca simbólica bidirecional com EVMDDs (diagramas de decisão)
2018,Symple-1,todas,D3,Simbólica (BDD),,https://ipc2018-classical.bitbucket.io/planner-abstracts/teams_3_10.pdf,busca simbólica bidirecional com EVMDDs (diagramas de decisão)
2018,Symple-1,todas,D4,Planejador único,,https://ipc2018-classical.bitbucket.io/planner-abstracts/teams_3_10.pdf,busca simbólica bidirecional com EVMDDs (diagramas de decisão)
2018,Symple-2,todas,D1,Busca simbólica (BDD),,https://ipc2018-classical.bitbucket.io/planner-abstracts/teams_3_10.pdf,"como o Symple-1, com outra tradução"
2018,Symple-2,todas,D2,não determinado,,https://ipc2018-classical.bitbucket.io/planner-abstracts/teams_3_10.pdf,"como o Symple-1, com outra tradução"
2018,Symple-2,todas,D3,Simbólica (BDD),,https://ipc2018-classical.bitbucket.io/planner-abstracts/teams_3_10.pdf,"como o Symple-1, com outra tradução"
2018,Symple-2,todas,D4,Planejador único,,https://ipc2018-classical.bitbucket.io/planner-abstracts/teams_3_10.pdf,"como o Symple-1, com outra tradução"
2018,freelunch-madagascar,todas,D1,Compilação para SAT/CSP,,https://ipc2018-classical.bitbucket.io/planner-abstracts/teams_4_34.pdf,codificação do Madagascar e resolvedor SAT genérico (Lingeling)
2018,freelunch-madagascar,todas,D2,Sem heurística,,https://ipc2018-classical.bitbucket.io/planner-abstracts/teams_4_34.pdf,codificação do Madagascar e resolvedor SAT genérico (Lingeling)
2018,freelunch-madagascar,todas,D3,Proposicional traduzido em SAT/CNF,,https://ipc2018-classical.bitbucket.io/planner-abstracts/teams_4_34.pdf,codificação do Madagascar e resolvedor SAT genérico (Lingeling)
2018,freelunch-madagascar,todas,D4,Planejador único,,https://ipc2018-classical.bitbucket.io/planner-abstracts/teams_4_34.pdf,codificação do Madagascar e resolvedor SAT genérico (Lingeling)
2018,freelunch-doubly-relaxed,todas,D1,Compilação para SAT/CSP,,https://ipc2018-classical.bitbucket.io/planner-abstracts/teams_4_34.pdf,tenta uma busca heurística simples antes da codificação em SAT (G1: fase dentro do mesmo sistema)
2018,freelunch-doubly-relaxed,todas,D1,Busca progressiva no espaço de estados,,https://ipc2018-classical.bitbucket.io/planner-abstracts/teams_4_34.pdf,tenta uma busca heurística simples antes da codificação em SAT (G1: fase dentro do mesmo sistema)
2018,freelunch-doubly-relaxed,todas,D2,não determinado,,https://ipc2018-classical.bitbucket.io/planner-abstracts/teams_4_34.pdf,tenta uma busca heurística simples antes da codificação em SAT (G1: fase dentro do mesmo sistema)
2018,freelunch-doubly-relaxed,todas,D3,Proposicional traduzido em SAT/CNF,,https://ipc2018-classical.bitbucket.io/planner-abstracts/teams_4_34.pdf,tenta uma busca heurística simples antes da codificação em SAT (G1: fase dentro do mesmo sistema)
2018,freelunch-doubly-relaxed,todas,D4,Planejador único,,https://ipc2018-classical.bitbucket.io/planner-abstracts/teams_4_34.pdf,tenta uma busca heurística simples antes da codificação em SAT (G1: fase dentro do mesmo sistema)
2018,mercury2014,seq-sat,D1,Busca progressiva no espaço de estados,,https://ipc2018-classical.bitbucket.io/planner-abstracts/team6.pdf,red-black e contagem de landmarks em filas alternadas
2018,mercury2014,seq-sat,D2,Relaxação parcial (red-black),,https://ipc2018-classical.bitbucket.io/planner-abstracts/team6.pdf,red-black e contagem de landmarks em filas alternadas
2018,mercury2014,seq-sat,D2,Landmarks,,https://ipc2018-classical.bitbucket.io/planner-abstracts/team6.pdf,red-black e contagem de landmarks em filas alternadas
2018,mercury2014,seq-sat,D3,Variáveis multivaloradas,,https://ipc2018-classical.bitbucket.io/planner-abstracts/team6.pdf,red-black e contagem de landmarks em filas alternadas
2018,mercury2014,seq-sat,D4,Planejador único,,https://ipc2018-classical.bitbucket.io/planner-abstracts/team6.pdf,red-black e contagem de landmarks em filas alternadas
2018,mercury2014,seq-agl,D1,Busca progressiva no espaço de estados,,https://ipc2018-classical.bitbucket.io/planner-abstracts/team6.pdf,"na agile, só a heurística red-black"
2018,mercury2014,seq-agl,D2,Relaxação parcial (red-black),,https://ipc2018-classical.bitbucket.io/planner-abstracts/team6.pdf,"na agile, só a heurística red-black"
2018,mercury2014,seq-agl,D3,Variáveis multivaloradas,,https://ipc2018-classical.bitbucket.io/planner-abstracts/team6.pdf,"na agile, só a heurística red-black"
2018,mercury2014,seq-agl,D4,Planejador único,,https://ipc2018-classical.bitbucket.io/planner-abstracts/team6.pdf,"na agile, só a heurística red-black"
2018,MERWIN,todas,D1,Busca por largura/novidade,,https://ipc2018-classical.bitbucket.io/planner-abstracts/team14.pdf,novidade sobre a heurística red-black
2018,MERWIN,todas,D1,Busca progressiva no espaço de estados,,https://ipc2018-classical.bitbucket.io/planner-abstracts/team14.pdf,novidade sobre a heurística red-black
2018,MERWIN,todas,D2,Relaxação parcial (red-black),,https://ipc2018-classical.bitbucket.io/planner-abstracts/team14.pdf,novidade sobre a heurística red-black
2018,MERWIN,todas,D3,Variáveis multivaloradas,,https://ipc2018-classical.bitbucket.io/planner-abstracts/team14.pdf,novidade sobre a heurística red-black
2018,MERWIN,todas,D4,Planejador único,,https://ipc2018-classical.bitbucket.io/planner-abstracts/team14.pdf,novidade sobre a heurística red-black
2018,Cerberus,todas,D1,Busca por largura/novidade,,https://ipc2018-classical.bitbucket.io/planner-abstracts/teams_15_16.pdf,"red-black com efeitos condicionais, novidade e contagem de landmarks"
2018,Cerberus,todas,D1,Busca progressiva no espaço de estados,,https://ipc2018-classical.bitbucket.io/planner-abstracts/teams_15_16.pdf,"red-black com efeitos condicionais, novidade e contagem de landmarks"
2018,Cerberus,todas,D2,Relaxação parcial (red-black),,https://ipc2018-classical.bitbucket.io/planner-abstracts/teams_15_16.pdf,"red-black com efeitos condicionais, novidade e contagem de landmarks"
2018,Cerberus,todas,D2,Landmarks,,https://ipc2018-classical.bitbucket.io/planner-abstracts/teams_15_16.pdf,"red-black com efeitos condicionais, novidade e contagem de landmarks"
2018,Cerberus,todas,D3,Variáveis multivaloradas,,https://ipc2018-classical.bitbucket.io/planner-abstracts/teams_15_16.pdf,"red-black com efeitos condicionais, novidade e contagem de landmarks"
2018,Cerberus,todas,D4,Planejador único,,https://ipc2018-classical.bitbucket.io/planner-abstracts/teams_15_16.pdf,"red-black com efeitos condicionais, novidade e contagem de landmarks"
2018,Cerberus-gl,todas,D1,Busca por largura/novidade,,https://ipc2018-classical.bitbucket.io/planner-abstracts/teams_15_16.pdf,difere do Cerberus só na construção da tarefa red-black
2018,Cerberus-gl,todas,D1,Busca progressiva no espaço de estados,,https://ipc2018-classical.bitbucket.io/planner-abstracts/teams_15_16.pdf,difere do Cerberus só na construção da tarefa red-black
2018,Cerberus-gl,todas,D2,Relaxação parcial (red-black),,https://ipc2018-classical.bitbucket.io/planner-abstracts/teams_15_16.pdf,difere do Cerberus só na construção da tarefa red-black
2018,Cerberus-gl,todas,D2,Landmarks,,https://ipc2018-classical.bitbucket.io/planner-abstracts/teams_15_16.pdf,difere do Cerberus só na construção da tarefa red-black
2018,Cerberus-gl,todas,D3,Variáveis multivaloradas,,https://ipc2018-classical.bitbucket.io/planner-abstracts/teams_15_16.pdf,difere do Cerberus só na construção da tarefa red-black
2018,Cerberus-gl,todas,D4,Planejador único,,https://ipc2018-classical.bitbucket.io/planner-abstracts/teams_15_16.pdf,difere do Cerberus só na construção da tarefa red-black
2018,OLCFF,todas,D1,Busca progressiva no espaço de estados,,https://ipc2018-classical.bitbucket.io/planner-abstracts/team8.pdf,"hCFF (relaxação parcial, como no EXP-13) com EHC e fase tipo LAMA"
2018,OLCFF,todas,D2,Relaxação parcial (red-black),,https://ipc2018-classical.bitbucket.io/planner-abstracts/team8.pdf,"hCFF (relaxação parcial, como no EXP-13) com EHC e fase tipo LAMA"
2018,OLCFF,todas,D2,Landmarks,,https://ipc2018-classical.bitbucket.io/planner-abstracts/team8.pdf,"hCFF (relaxação parcial, como no EXP-13) com EHC e fase tipo LAMA"
2018,OLCFF,todas,D3,Variáveis multivaloradas,,https://ipc2018-classical.bitbucket.io/planner-abstracts/team8.pdf,"hCFF (relaxação parcial, como no EXP-13) com EHC e fase tipo LAMA"
2018,OLCFF,todas,D4,Planejador único,,https://ipc2018-classical.bitbucket.io/planner-abstracts/team8.pdf,"hCFF (relaxação parcial, como no EXP-13) com EHC e fase tipo LAMA"
2018,IBaCoP-2018,todas,D1,Busca progressiva no espaço de estados,fixo,https://ipc2018-classical.bitbucket.io/planner-abstracts/teams_18_35.pdf,"seleção de Pareto: jasper, mercury, BFS(f), SIW, FDSS-2, probe, yahsp2-mt, lama-2011, lamar, arvand"
2018,IBaCoP-2018,todas,D1,Busca por largura/novidade,fixo,https://ipc2018-classical.bitbucket.io/planner-abstracts/teams_18_35.pdf,"seleção de Pareto: jasper, mercury, BFS(f), SIW, FDSS-2, probe, yahsp2-mt, lama-2011, lamar, arvand"
2018,IBaCoP-2018,todas,D1,Busca local,fixo,https://ipc2018-classical.bitbucket.io/planner-abstracts/teams_18_35.pdf,"seleção de Pareto: jasper, mercury, BFS(f), SIW, FDSS-2, probe, yahsp2-mt, lama-2011, lamar, arvand"
2018,IBaCoP-2018,todas,D2,Heurísticas de relaxação,fixo,https://ipc2018-classical.bitbucket.io/planner-abstracts/teams_18_35.pdf,"seleção de Pareto: jasper, mercury, BFS(f), SIW, FDSS-2, probe, yahsp2-mt, lama-2011, lamar, arvand"
2018,IBaCoP-2018,todas,D2,Grafo causal,fixo,https://ipc2018-classical.bitbucket.io/planner-abstracts/teams_18_35.pdf,"seleção de Pareto: jasper, mercury, BFS(f), SIW, FDSS-2, probe, yahsp2-mt, lama-2011, lamar, arvand"
2018,IBaCoP-2018,todas,D2,Landmarks,fixo,https://ipc2018-classical.bitbucket.io/planner-abstracts/teams_18_35.pdf,"seleção de Pareto: jasper, mercury, BFS(f), SIW, FDSS-2, probe, yahsp2-mt, lama-2011, lamar, arvand"
2018,IBaCoP-2018,todas,D2,Relaxação parcial (red-black),fixo,https://ipc2018-classical.bitbucket.io/planner-abstracts/teams_18_35.pdf,"seleção de Pareto: jasper, mercury, BFS(f), SIW, FDSS-2, probe, yahsp2-mt, lama-2011, lamar, arvand"
2018,IBaCoP-2018,todas,D3,Variáveis multivaloradas,fixo,https://ipc2018-classical.bitbucket.io/planner-abstracts/teams_18_35.pdf,"seleção de Pareto: jasper, mercury, BFS(f), SIW, FDSS-2, probe, yahsp2-mt, lama-2011, lamar, arvand"
2018,IBaCoP-2018,todas,D3,Proposicional / STRIPS clássico,fixo,https://ipc2018-classical.bitbucket.io/planner-abstracts/teams_18_35.pdf,"seleção de Pareto: jasper, mercury, BFS(f), SIW, FDSS-2, probe, yahsp2-mt, lama-2011, lamar, arvand"
2018,IBaCoP-2018,todas,D4,Portfólio,fixo,https://ipc2018-classical.bitbucket.io/planner-abstracts/teams_18_35.pdf,"seleção de Pareto: jasper, mercury, BFS(f), SIW, FDSS-2, probe, yahsp2-mt, lama-2011, lamar, arvand"
2018,IBaCoP2-2018,todas,D1,Busca progressiva no espaço de estados,selecao,https://ipc2018-classical.bitbucket.io/planner-abstracts/teams_18_35.pdf,cinco planejadores escolhidos por tarefa por um modelo treinado sobre features da tarefa
2018,IBaCoP2-2018,todas,D1,Busca por largura/novidade,selecao,https://ipc2018-classical.bitbucket.io/planner-abstracts/teams_18_35.pdf,cinco planejadores escolhidos por tarefa por um modelo treinado sobre features da tarefa
2018,IBaCoP2-2018,todas,D1,Busca local,selecao,https://ipc2018-classical.bitbucket.io/planner-abstracts/teams_18_35.pdf,cinco planejadores escolhidos por tarefa por um modelo treinado sobre features da tarefa
2018,IBaCoP2-2018,todas,D2,Heurísticas de relaxação,selecao,https://ipc2018-classical.bitbucket.io/planner-abstracts/teams_18_35.pdf,cinco planejadores escolhidos por tarefa por um modelo treinado sobre features da tarefa
2018,IBaCoP2-2018,todas,D2,Grafo causal,selecao,https://ipc2018-classical.bitbucket.io/planner-abstracts/teams_18_35.pdf,cinco planejadores escolhidos por tarefa por um modelo treinado sobre features da tarefa
2018,IBaCoP2-2018,todas,D2,Landmarks,selecao,https://ipc2018-classical.bitbucket.io/planner-abstracts/teams_18_35.pdf,cinco planejadores escolhidos por tarefa por um modelo treinado sobre features da tarefa
2018,IBaCoP2-2018,todas,D2,Relaxação parcial (red-black),selecao,https://ipc2018-classical.bitbucket.io/planner-abstracts/teams_18_35.pdf,cinco planejadores escolhidos por tarefa por um modelo treinado sobre features da tarefa
2018,IBaCoP2-2018,todas,D3,Variáveis multivaloradas,selecao,https://ipc2018-classical.bitbucket.io/planner-abstracts/teams_18_35.pdf,cinco planejadores escolhidos por tarefa por um modelo treinado sobre features da tarefa
2018,IBaCoP2-2018,todas,D3,Proposicional / STRIPS clássico,selecao,https://ipc2018-classical.bitbucket.io/planner-abstracts/teams_18_35.pdf,cinco planejadores escolhidos por tarefa por um modelo treinado sobre features da tarefa
2018,IBaCoP2-2018,todas,D4,Portfólio,selecao,https://ipc2018-classical.bitbucket.io/planner-abstracts/teams_18_35.pdf,cinco planejadores escolhidos por tarefa por um modelo treinado sobre features da tarefa
2018,Delfi1,seq-opt,D1,Busca progressiva no espaço de estados,selecao,https://ipc2018-classical.bitbucket.io/planner-abstracts/teams_23_24.pdf,"17 planejadores (SymBA* e 16 A* do Fast Downward: cega, LM-cut, PDBs, merge-and-shrink); rede convolucional escolhe um por tarefa"
2018,Delfi1,seq-opt,D1,Busca simbólica (BDD),selecao,https://ipc2018-classical.bitbucket.io/planner-abstracts/teams_23_24.pdf,"17 planejadores (SymBA* e 16 A* do Fast Downward: cega, LM-cut, PDBs, merge-and-shrink); rede convolucional escolhe um por tarefa"
2018,Delfi1,seq-opt,D2,Sem heurística,selecao,https://ipc2018-classical.bitbucket.io/planner-abstracts/teams_23_24.pdf,"17 planejadores (SymBA* e 16 A* do Fast Downward: cega, LM-cut, PDBs, merge-and-shrink); rede convolucional escolhe um por tarefa"
2018,Delfi1,seq-opt,D2,Landmarks,selecao,https://ipc2018-classical.bitbucket.io/planner-abstracts/teams_23_24.pdf,"17 planejadores (SymBA* e 16 A* do Fast Downward: cega, LM-cut, PDBs, merge-and-shrink); rede convolucional escolhe um por tarefa"
2018,Delfi1,seq-opt,D2,Abstrações / pattern databases,selecao,https://ipc2018-classical.bitbucket.io/planner-abstracts/teams_23_24.pdf,"17 planejadores (SymBA* e 16 A* do Fast Downward: cega, LM-cut, PDBs, merge-and-shrink); rede convolucional escolhe um por tarefa"
2018,Delfi1,seq-opt,D3,Variáveis multivaloradas,selecao,https://ipc2018-classical.bitbucket.io/planner-abstracts/teams_23_24.pdf,"17 planejadores (SymBA* e 16 A* do Fast Downward: cega, LM-cut, PDBs, merge-and-shrink); rede convolucional escolhe um por tarefa"
2018,Delfi1,seq-opt,D3,Simbólica (BDD),selecao,https://ipc2018-classical.bitbucket.io/planner-abstracts/teams_23_24.pdf,"17 planejadores (SymBA* e 16 A* do Fast Downward: cega, LM-cut, PDBs, merge-and-shrink); rede convolucional escolhe um por tarefa"
2018,Delfi1,seq-opt,D4,Portfólio,selecao,https://ipc2018-classical.bitbucket.io/planner-abstracts/teams_23_24.pdf,"17 planejadores (SymBA* e 16 A* do Fast Downward: cega, LM-cut, PDBs, merge-and-shrink); rede convolucional escolhe um por tarefa"
2018,Delfi2,seq-opt,D1,Busca progressiva no espaço de estados,selecao,https://ipc2018-classical.bitbucket.io/planner-abstracts/teams_23_24.pdf,difere do Delfi1 só na imagem da tarefa (aterrada)
2018,Delfi2,seq-opt,D1,Busca simbólica (BDD),selecao,https://ipc2018-classical.bitbucket.io/planner-abstracts/teams_23_24.pdf,difere do Delfi1 só na imagem da tarefa (aterrada)
2018,Delfi2,seq-opt,D2,Sem heurística,selecao,https://ipc2018-classical.bitbucket.io/planner-abstracts/teams_23_24.pdf,difere do Delfi1 só na imagem da tarefa (aterrada)
2018,Delfi2,seq-opt,D2,Landmarks,selecao,https://ipc2018-classical.bitbucket.io/planner-abstracts/teams_23_24.pdf,difere do Delfi1 só na imagem da tarefa (aterrada)
2018,Delfi2,seq-opt,D2,Abstrações / pattern databases,selecao,https://ipc2018-classical.bitbucket.io/planner-abstracts/teams_23_24.pdf,difere do Delfi1 só na imagem da tarefa (aterrada)
2018,Delfi2,seq-opt,D3,Variáveis multivaloradas,selecao,https://ipc2018-classical.bitbucket.io/planner-abstracts/teams_23_24.pdf,difere do Delfi1 só na imagem da tarefa (aterrada)
2018,Delfi2,seq-opt,D3,Simbólica (BDD),selecao,https://ipc2018-classical.bitbucket.io/planner-abstracts/teams_23_24.pdf,difere do Delfi1 só na imagem da tarefa (aterrada)
2018,Delfi2,seq-opt,D4,Portfólio,selecao,https://ipc2018-classical.bitbucket.io/planner-abstracts/teams_23_24.pdf,difere do Delfi1 só na imagem da tarefa (aterrada)
2018,MSP,seq-opt,D1,Busca progressiva no espaço de estados,selecao,https://ipc2018-classical.bitbucket.io/planner-abstracts/team5.pdf,"meta-busca por tarefa entre representações, FD ótimo (potenciais, contagem de operadores, iPDB, LM-cut, cega) e SymBA*; N7"
2018,MSP,seq-opt,D1,Busca simbólica (BDD),selecao,https://ipc2018-classical.bitbucket.io/planner-abstracts/team5.pdf,"meta-busca por tarefa entre representações, FD ótimo (potenciais, contagem de operadores, iPDB, LM-cut, cega) e SymBA*; N7"
2018,MSP,seq-opt,D2,Sem heurística,selecao,https://ipc2018-classical.bitbucket.io/planner-abstracts/team5.pdf,"meta-busca por tarefa entre representações, FD ótimo (potenciais, contagem de operadores, iPDB, LM-cut, cega) e SymBA*; N7"
2018,MSP,seq-opt,D2,Landmarks,selecao,https://ipc2018-classical.bitbucket.io/planner-abstracts/team5.pdf,"meta-busca por tarefa entre representações, FD ótimo (potenciais, contagem de operadores, iPDB, LM-cut, cega) e SymBA*; N7"
2018,MSP,seq-opt,D2,Abstrações / pattern databases,selecao,https://ipc2018-classical.bitbucket.io/planner-abstracts/team5.pdf,"meta-busca por tarefa entre representações, FD ótimo (potenciais, contagem de operadores, iPDB, LM-cut, cega) e SymBA*; N7"
2018,MSP,seq-opt,D2,"Programação linear (potenciais, contagem de operadores)",selecao,https://ipc2018-classical.bitbucket.io/planner-abstracts/team5.pdf,"meta-busca por tarefa entre representações, FD ótimo (potenciais, contagem de operadores, iPDB, LM-cut, cega) e SymBA*; N7"
2018,MSP,seq-opt,D3,Variáveis multivaloradas,selecao,https://ipc2018-classical.bitbucket.io/planner-abstracts/team5.pdf,"meta-busca por tarefa entre representações, FD ótimo (potenciais, contagem de operadores, iPDB, LM-cut, cega) e SymBA*; N7"
2018,MSP,seq-opt,D3,Simbólica (BDD),selecao,https://ipc2018-classical.bitbucket.io/planner-abstracts/team5.pdf,"meta-busca por tarefa entre representações, FD ótimo (potenciais, contagem de operadores, iPDB, LM-cut, cega) e SymBA*; N7"
2018,MSP,seq-opt,D4,Portfólio,selecao,https://ipc2018-classical.bitbucket.io/planner-abstracts/team5.pdf,"meta-busca por tarefa entre representações, FD ótimo (potenciais, contagem de operadores, iPDB, LM-cut, cega) e SymBA*; N7"
2018,Complementary1,seq-opt,D1,Busca progressiva no espaço de estados,,https://ipc2018-classical.bitbucket.io/planner-abstracts/team9.pdf,A* com PDBs complementares
2018,Complementary1,seq-opt,D2,Abstrações / pattern databases,,https://ipc2018-classical.bitbucket.io/planner-abstracts/team9.pdf,A* com PDBs complementares
2018,Complementary1,seq-opt,D3,Variáveis multivaloradas,,https://ipc2018-classical.bitbucket.io/planner-abstracts/team9.pdf,A* com PDBs complementares
2018,Complementary1,seq-opt,D4,Planejador único,,https://ipc2018-classical.bitbucket.io/planner-abstracts/team9.pdf,A* com PDBs complementares
2018,Complementary2,seq-opt,D1,Busca progressiva no espaço de estados,,https://ipc2018-classical.bitbucket.io/planner-abstracts/team32.pdf,A* com PDBs simbólicos (CPC)
2018,Complementary2,seq-opt,D2,Abstrações / pattern databases,,https://ipc2018-classical.bitbucket.io/planner-abstracts/team32.pdf,A* com PDBs simbólicos (CPC)
2018,Complementary2,seq-opt,D3,Variáveis multivaloradas,,https://ipc2018-classical.bitbucket.io/planner-abstracts/team32.pdf,A* com PDBs simbólicos (CPC)
2018,Complementary2,seq-opt,D4,Planejador único,,https://ipc2018-classical.bitbucket.io/planner-abstracts/team32.pdf,A* com PDBs simbólicos (CPC)
2018,Planning-PDBs,seq-opt,D1,Busca progressiva no espaço de estados,,https://ipc2018-classical.bitbucket.io/planner-abstracts/team40.pdf,variação do Complementary na seleção de padrões
2018,Planning-PDBs,seq-opt,D2,Abstrações / pattern databases,,https://ipc2018-classical.bitbucket.io/planner-abstracts/team40.pdf,variação do Complementary na seleção de padrões
2018,Planning-PDBs,seq-opt,D3,Variáveis multivaloradas,,https://ipc2018-classical.bitbucket.io/planner-abstracts/team40.pdf,variação do Complementary na seleção de padrões
2018,Planning-PDBs,seq-opt,D4,Planejador único,,https://ipc2018-classical.bitbucket.io/planner-abstracts/team40.pdf,variação do Complementary na seleção de padrões
2018,Scorpion,seq-opt,D1,Busca progressiva no espaço de estados,,https://ipc2018-classical.bitbucket.io/planner-abstracts/team44.pdf,abstrações combinadas por particionamento saturado de custos
2018,Scorpion,seq-opt,D2,Abstrações / pattern databases,,https://ipc2018-classical.bitbucket.io/planner-abstracts/team44.pdf,abstrações combinadas por particionamento saturado de custos
2018,Scorpion,seq-opt,D3,Variáveis multivaloradas,,https://ipc2018-classical.bitbucket.io/planner-abstracts/team44.pdf,abstrações combinadas por particionamento saturado de custos
2018,Scorpion,seq-opt,D4,Planejador único,,https://ipc2018-classical.bitbucket.io/planner-abstracts/team44.pdf,abstrações combinadas por particionamento saturado de custos
2018,FDMS1,seq-opt,D1,Busca progressiva no espaço de estados,,https://ipc2018-classical.bitbucket.io/planner-abstracts/teams_26_27.pdf,A* com merge-and-shrink
2018,FDMS1,seq-opt,D2,Abstrações / pattern databases,,https://ipc2018-classical.bitbucket.io/planner-abstracts/teams_26_27.pdf,A* com merge-and-shrink
2018,FDMS1,seq-opt,D3,Variáveis multivaloradas,,https://ipc2018-classical.bitbucket.io/planner-abstracts/teams_26_27.pdf,A* com merge-and-shrink
2018,FDMS1,seq-opt,D4,Planejador único,,https://ipc2018-classical.bitbucket.io/planner-abstracts/teams_26_27.pdf,A* com merge-and-shrink
2018,FDMS2,seq-opt,D1,Busca progressiva no espaço de estados,,https://ipc2018-classical.bitbucket.io/planner-abstracts/teams_26_27.pdf,A* com merge-and-shrink
2018,FDMS2,seq-opt,D2,Abstrações / pattern databases,,https://ipc2018-classical.bitbucket.io/planner-abstracts/teams_26_27.pdf,A* com merge-and-shrink
2018,FDMS2,seq-opt,D3,Variáveis multivaloradas,,https://ipc2018-classical.bitbucket.io/planner-abstracts/teams_26_27.pdf,A* com merge-and-shrink
2018,FDMS2,seq-opt,D4,Planejador único,,https://ipc2018-classical.bitbucket.io/planner-abstracts/teams_26_27.pdf,A* com merge-and-shrink
2018,Metis1,seq-opt,D1,Busca progressiva no espaço de estados,,https://ipc2018-classical.bitbucket.io/planner-abstracts/teams_21_22.pdf,"A* com LM-cut, simetrias e redução de ordem parcial"
2018,Metis1,seq-opt,D2,Landmarks,,https://ipc2018-classical.bitbucket.io/planner-abstracts/teams_21_22.pdf,"A* com LM-cut, simetrias e redução de ordem parcial"
2018,Metis1,seq-opt,D3,Variáveis multivaloradas,,https://ipc2018-classical.bitbucket.io/planner-abstracts/teams_21_22.pdf,"A* com LM-cut, simetrias e redução de ordem parcial"
2018,Metis1,seq-opt,D4,Planejador único,,https://ipc2018-classical.bitbucket.io/planner-abstracts/teams_21_22.pdf,"A* com LM-cut, simetrias e redução de ordem parcial"
2018,Metis2,seq-opt,D1,Busca progressiva no espaço de estados,,https://ipc2018-classical.bitbucket.io/planner-abstracts/teams_21_22.pdf,máximo de LM-cut e heurística de landmarks
2018,Metis2,seq-opt,D2,Landmarks,,https://ipc2018-classical.bitbucket.io/planner-abstracts/teams_21_22.pdf,máximo de LM-cut e heurística de landmarks
2018,Metis2,seq-opt,D3,Variáveis multivaloradas,,https://ipc2018-classical.bitbucket.io/planner-abstracts/teams_21_22.pdf,máximo de LM-cut e heurística de landmarks
2018,Metis2,seq-opt,D4,Planejador único,,https://ipc2018-classical.bitbucket.io/planner-abstracts/teams_21_22.pdf,máximo de LM-cut e heurística de landmarks
2018,maplan-1,seq-opt,D1,Busca progressiva no espaço de estados,,https://ipc2018-classical.bitbucket.io/planner-abstracts/teams_13_17.pdf,A* com LM-cut e reduções por fam-groups
2018,maplan-1,seq-opt,D2,Landmarks,,https://ipc2018-classical.bitbucket.io/planner-abstracts/teams_13_17.pdf,A* com LM-cut e reduções por fam-groups
2018,maplan-1,seq-opt,D3,Variáveis multivaloradas,,https://ipc2018-classical.bitbucket.io/planner-abstracts/teams_13_17.pdf,A* com LM-cut e reduções por fam-groups
2018,maplan-1,seq-opt,D4,Planejador único,,https://ipc2018-classical.bitbucket.io/planner-abstracts/teams_13_17.pdf,A* com LM-cut e reduções por fam-groups
2018,maplan-2,seq-opt,D1,Busca progressiva no espaço de estados,,https://ipc2018-classical.bitbucket.io/planner-abstracts/teams_13_17.pdf,A* com abstração por fusão de fam-groups
2018,maplan-2,seq-opt,D2,Abstrações / pattern databases,,https://ipc2018-classical.bitbucket.io/planner-abstracts/teams_13_17.pdf,A* com abstração por fusão de fam-groups
2018,maplan-2,seq-opt,D3,Variáveis multivaloradas,,https://ipc2018-classical.bitbucket.io/planner-abstracts/teams_13_17.pdf,A* com abstração por fusão de fam-groups
2018,maplan-2,seq-opt,D4,Planejador único,,https://ipc2018-classical.bitbucket.io/planner-abstracts/teams_13_17.pdf,A* com abstração por fusão de fam-groups
