planejador,dominio,problema,tempo_s_2010,tempo_s_agora,relogio_s,razao,situacao
Blackbox,driverlog,pfile5,2.06,6.25,6.3,3.03,ok
Blackbox,driverlog,pfile8,2.57,7.48,7.6,2.91,ok
Blackbox,pipesworld,p03.pddl,4.3,13.25,13.4,3.08,ok
Blackbox,driverlog,pfile9,16.69,41.2,41.3,2.47,ok
Blackbox,driverlog,pfile11,17.16,37.55,37.7,2.19,ok
Blackbox,driverlog,pfile13,2028.0,2793.0,2792.4,1.38,ok
FF,pipesworld,p12.pddl,2.05,7.66,7.7,3.74,ok
FF,pipesworld,p32.pddl,6.32,26.2,26.3,4.15,ok
FF,pipesworld,p09.pddl,19.37,65.52,65.4,3.38,ok
FF,pipesworld,p31.pddl,29.26,122.12,122.1,4.17,ok
FF,pipesworld,p17.pddl,175.69,518.26,518.3,2.95,ok
FF,pipesworld,p15.pddl,287.99,960.32,960.5,3.33,ok
Fast Downward,depots,pfile14,2.22,17.23,20.0,7.76,ok
Fast Downward,depots,pfile19,5.98,28.49,32.0,4.76,ok
Fast Downward,depots,pfile15,13.08,80.72,86.7,6.17,ok
Fast Downward,depots,pfile11,31.63,26.74,29.4,0.85,ok
Fast Downward,depots,pfile5,56.93,254.51,256.3,4.47,ok
Fast Downward,depots,pfile6,225.58,150.43,153.4,0.67,ok
IPP,pipesworld,p41.pddl,24.87,93.71,93.8,3.77,ok
IPP,pipesworld,p07.pddl,27.79,110.1,110.2,3.96,ok
IPP,depots,pfile17,39.72,137.9,138.0,3.47,ok
LPG,mystery,pfile30,8.6,1.54,1.7,0.18,ok
LPG,mystery,pfile10,18.43,375.62,375.9,20.38,ok
LPG,mystery,pfile13,129.25,,3600.1,27.85,estourou
LPG,mystery,pfile06,232.97,,3600.1,15.45,estourou
MaxPlan,blocksworld,probBLOCKS-7-0.pddl,2.1,10.44,10.9,4.97,ok
MaxPlan,driverlog,pfile11,3.33,14.3,14.7,4.29,ok
MaxPlan,gripper,pfile3.pddl,8.99,46.41,48.8,5.16,ok
MaxPlan,blocksworld,probBLOCKS-8-2.pddl,26.49,108.37,110.4,4.09,ok
MaxPlan,logistic,probLOGISTICS-15-1.pddl,73.5,389.03,395.0,5.29,ok
MaxPlan,logistic,probLOGISTICS-14-1.pddl,271.2,773.61,785.6,2.85,ok
R,driverlog,pfile5,2.5,13.64,14.4,5.46,ok
R,mystery,pfile01,3.06,21.54,22.3,7.04,ok
R,driverlog,pfile8,3.1,20.42,21.2,6.59,ok
R,mystery,pfile11,4.1,29.79,30.7,7.27,ok
R,driverlog,pfile3,4.58,25.05,25.9,5.47,ok
SATPlan,mystery,pfile19,2.09,5.26,5.4,2.52,ok
SATPlan,depots,pfile8,4.96,18.06,18.3,3.64,ok
SATPlan,depots,pfile14,9.78,30.62,30.9,3.13,ok
SATPlan,mystery,pfile15,21.28,34.11,34.3,1.6,ok
SATPlan,depots,pfile21,42.42,75.81,76.2,1.79,ok
SATPlan,depots,pfile6,234.78,499.51,501.1,2.13,ok
SGPlan,driverlog,pfile12,2.13,3.84,3.9,1.8,ok
SGPlan,blocksworld,probBLOCKS-11-0.pddl,3.2,7.52,7.5,2.35,ok
SGPlan,blocksworld,probBLOCKS-12-0.pddl,6.1,14.02,14.0,2.3,ok
SGPlan,blocksworld,probBLOCKS-15-1.pddl,8.93,17.32,17.3,1.94,ok
SGPlan,driverlog,pfile17,17.68,23.3,23.3,1.32,ok
SGPlan,mystery,pfile13,111.68,77.0,77.0,0.69,ok
YAHSP,blocksworld,probBLOCKS-14-1.pddl,3.26,16.34,16.4,5.01,ok
YAHSP,blocksworld,probBLOCKS-13-0.pddl,4.98,25.08,25.2,5.04,ok
YAHSP,depots,pfile5,6.34,31.72,31.8,5.0,ok
YAHSP,blocksworld,probBLOCKS-15-0.pddl,14.14,71.49,71.6,5.06,ok
YAHSP,depots,pfile9,48.75,223.58,223.7,4.59,ok
YAHSP,blocksworld,probBLOCKS-15-1.pddl,75.96,285.23,285.5,3.76,ok
