planejador,dominio,problema,semente,situacao,tempo_relogio_s,tempo_planejador_s,memoria_max_kb,limite_s,inicio,slot
Blackbox,sattelite,P01_PFILE1.PDDL,,resolvido,0.01,0.01,9344,600,2026-09-27T07:47:04,w3
Blackbox,sattelite,P03_PFILE3.PDDL,,resolvido,0.03,0.02,18176,600,2026-09-27T07:47:04,w1
Blackbox,sattelite,P02_PFILE2.PDDL,,resolvido,0.04,0.03,23936,600,2026-09-27T07:47:04,w2
Blackbox,sattelite,P04_PFILE4.PDDL,,resolvido,2.46,2.45,66688,600,2026-09-27T07:47:04,w0
Blackbox,sattelite,P06_PFILE6.PDDL,,resolvido,30.63,30.62,76160,600,2026-09-27T07:47:04,w1
Blackbox,sattelite,P05_PFILE5.PDDL,,resolvido,118.18,118.0,396928,600,2026-09-27T07:47:04,w3
Blackbox,sattelite,P07_PFILE7.PDDL,,resolvido,204.41,204.0,759168,600,2026-09-27T07:47:04,w2
Blackbox,sattelite,P08_PFILE8.PDDL,,estourou,600.23,,,600,2026-09-27T07:47:07,w0
Blackbox,sattelite,P09_PFILE9.PDDL,,estourou,600.11,,,600,2026-09-27T07:47:35,w1
Blackbox,sattelite,P10_PFILE10.PDDL,,estourou,600.11,,,600,2026-09-27T07:49:02,w3
Blackbox,sattelite,P11_PFILE11.PDDL,,estourou,600.11,,,600,2026-09-27T07:50:29,w2
Blackbox,sattelite,P12_PFILE12.PDDL,,estourou,600.13,,,600,2026-09-27T07:57:07,w0
Blackbox,sattelite,P13_PFILE13.PDDL,,estourou,600.13,,,600,2026-09-27T07:57:35,w1
Blackbox,sattelite,P17_PFILE17.PDDL,,sem-plano,0.32,,230272,600,2026-09-27T08:07:35,w1
Blackbox,sattelite,P14_PFILE14.PDDL,,estourou,600.13,,,600,2026-09-27T07:59:02,w3
Blackbox,sattelite,P15_PFILE15.PDDL,,estourou,600.14,,,600,2026-09-27T08:00:29,w2
Blackbox,sattelite,P16_PFILE16.PDDL,,estourou,600.15,,,600,2026-09-27T08:07:07,w0
Blackbox,sattelite,P18_PFILE18.PDDL,,estourou,600.13,,,600,2026-09-27T08:07:35,w1
Blackbox,sattelite,P19_PFILE19.PDDL,,estourou,600.13,,,600,2026-09-27T08:09:02,w3
Blackbox,sattelite,P20_PFILE20.PDDL,,estourou,600.13,,,600,2026-09-27T08:10:29,w2
