dominio,ipc,variante_repositorio,instancias_usadas,instancias_no_conjunto,base_da_escolha,observacao
blocksworld,2000,blocks-strips-typed,1-35,102,identico,
depots,2002,depots-strips-automatic,1-22,22,identico,
driverlog,2002,driverlog-strips-automatic,1-20,20,identico,
gripper,1998,gripper-round-1-strips,1-19,20,equivalente,"19 de 20 equivalentes; pfile1 (2 bolas) gerado localmente, sem par na IPC"
logistics,2000,logistics-strips-typed,1-28,84,identico,domínio equivalente: só muda a ordem de :types
mystery,1998,mystery-round-1-strips,1-30,30,identico,
pathways,2006,pathways-propositional,1-30,30,identico,a pasta Strips/ = pathways-propositional-strips
pipesworld,2004,pipesworld-tankage-nontemporal-strips,1-50,50,identico,idêntico a 2006 pipesworld-propositional; a edição de origem não se distingue pelos arquivos
satellite,2004,satellite-strips,1-20,36,identico,domínio idêntico ao de 2004; problemas também em 2002
tpp,2006,tpp-propositional,1-30,30,identico,a pasta Strips/ = tpp-propositional-strips
storage,2006,storage-propositional,1-30,30,identico,
zenotravel,2002,zenotravel-strips-automatic,a confirmar,20,confirmado_pelo_autor,"autor confirmou 'strips' (21/09/2026). 'automatic' é inferência: todos os domínios de 2002 do acervo usam a variante automatic e os planejadores são independentes de domínio; o domínio é igual ao hand-coded, só mudam as instâncias. Instâncias usadas: conjunto de 20, a confirmar"
elevator,2000,elevator-strips-simple-typed,a confirmar,150,confirmado_pelo_autor,autor confirmou 'strips-simple' (21/09/2026). 'typed' é inferência: Blocks World e Logistics de 2000 usam a variante typed e o modelo itSIMPLE é tipado. Subconjunto de instâncias (de 150): a confirmar
