dominio,planejador,eficiencia_competicao_pct,eficiencia_completa_pct,nota,origem_do_dado
blocksworld,Blackbox,25,25,3,competicao
blocksworld,IPP,27,27,3,competicao
blocksworld,FF,73,73,7,competicao
blocksworld,R,100,100,10,competicao
blocksworld,LPG,,100,10,execucao_propria
blocksworld,Fast Downward,,100,10,execucao_propria
blocksworld,YAHSP,,100,10,execucao_propria
blocksworld,SGPlan,,94,9,execucao_propria
blocksworld,SATPlan,,97,10,execucao_propria
blocksworld,MaxPlan,,37,4,execucao_propria
depots,Blackbox,,0,0,execucao_propria
depots,IPP,,45,5,execucao_propria
depots,FF,100,100,10,competicao
depots,R,5,5,0,competicao
depots,LPG,,100,10,execucao_propria
depots,Fast Downward,86,86,9,competicao
depots,YAHSP,,86,9,execucao_propria
depots,SGPlan,,95,10,execucao_propria
depots,SATPlan,,73,7,execucao_propria
depots,MaxPlan,,50,5,execucao_propria
driverlog,Blackbox,,60,6,execucao_propria
driverlog,IPP,,65,7,execucao_propria
driverlog,FF,75,75,8,competicao
driverlog,R,25,25,3,competicao
driverlog,LPG,,90,9,execucao_propria
driverlog,Fast Downward,100,100,10,competicao
driverlog,YAHSP,,100,10,execucao_propria
driverlog,SGPlan,,85,9,execucao_propria
driverlog,SATPlan,,80,8,execucao_propria
driverlog,MaxPlan,,55,6,execucao_propria
gripper,Blackbox,10,10,1,competicao
gripper,IPP,25,25,3,competicao
gripper,FF,,100,10,execucao_propria
gripper,R,,100,10,execucao_propria
gripper,LPG,,100,10,execucao_propria
gripper,Fast Downward,,100,10,execucao_propria
gripper,YAHSP,,100,10,execucao_propria
gripper,SGPlan,,100,10,execucao_propria
gripper,SATPlan,,20,2,execucao_propria
gripper,MaxPlan,,15,2,execucao_propria
logistics,Blackbox,100,100,10,competicao
logistics,IPP,64,64,6,competicao
logistics,FF,100,100,10,competicao
logistics,R,96,96,10,competicao
logistics,LPG,,96,10,execucao_propria
logistics,Fast Downward,,96,10,execucao_propria
logistics,YAHSP,,96,10,execucao_propria
logistics,SGPlan,,96,10,execucao_propria
logistics,SATPlan,,96,10,execucao_propria
logistics,MaxPlan,,96,10,execucao_propria
mystery,Blackbox,44,44,4,competicao
mystery,IPP,43,43,4,competicao
mystery,FF,,53,5,execucao_propria
mystery,R,,13,1,execucao_propria
mystery,LPG,,60,6,execucao_propria
mystery,Fast Downward,,63,6,execucao_propria
mystery,YAHSP,,53,5,execucao_propria
mystery,SGPlan,,53,5,execucao_propria
mystery,SATPlan,,57,6,execucao_propria
mystery,MaxPlan,,50,5,execucao_propria
pathways,Blackbox,,13,1,execucao_propria
pathways,IPP,,17,2,execucao_propria
pathways,FF,,33,3,execucao_propria
pathways,R,,0,0,execucao_propria
pathways,LPG,,100,10,execucao_propria
pathways,Fast Downward,100,100,10,competicao
pathways,YAHSP,,67,7,execucao_propria
pathways,SGPlan,100,100,10,competicao
pathways,SATPlan,30,30,3,competicao
pathways,MaxPlan,50,50,5,competicao
pipesworld,Blackbox,,10,1,execucao_propria
pipesworld,IPP,,16,2,execucao_propria
pipesworld,FF,,40,4,execucao_propria
pipesworld,R,,0,0,execucao_propria
pipesworld,LPG,68,68,7,competicao
pipesworld,Fast Downward,38,38,4,competicao
pipesworld,YAHSP,86,86,9,competicao
pipesworld,SGPlan,66,66,7,competicao
pipesworld,SATPlan,24,24,2,competicao
pipesworld,MaxPlan,16,16,2,competicao
satellite,Blackbox,,95,10,execucao_propria
satellite,IPP,,35,4,execucao_propria
satellite,FF,100,100,10,competicao
satellite,R,,100,10,execucao_propria
satellite,LPG,100,100,10,competicao
satellite,Fast Downward,100,100,10,competicao
satellite,YAHSP,100,100,10,competicao
satellite,SGPlan,83,83,8,competicao
satellite,SATPlan,31,31,3,competicao
satellite,MaxPlan,,30,3,execucao_propria
tpp,Blackbox,,27,3,execucao_propria
tpp,IPP,,27,3,execucao_propria
tpp,FF,,40,4,execucao_propria
tpp,R,,67,7,execucao_propria
tpp,LPG,,47,5,execucao_propria
tpp,Fast Downward,100,100,10,competicao
tpp,YAHSP,,100,10,execucao_propria
tpp,SGPlan,100,100,10,competicao
tpp,SATPlan,80,80,8,competicao
tpp,MaxPlan,50,50,5,competicao
