dominio,papel,metrica,valor,classe,valor_corrigido
blocksworld,treino,Número de Atores,1,Baixo,
blocksworld,treino,Número de Casos de Uso,4,Médio,
blocksworld,treino,Número de Casos de Uso por Atores,0.25,Médio,
blocksworld,treino,Número total de Classes,3,Baixo,
blocksworld,treino,Número total de Atributos,5,Médio,
blocksworld,treino,Número total de Métodos,4,Médio,
blocksworld,treino,Número total de Associações,3,Baixo,
blocksworld,treino,Número total de Agregação,2,Médio,
blocksworld,treino,Número total de Generalização,0,Baixo,
blocksworld,treino,Número total de Hierarquias,0,Baixo,
blocksworld,treino,DIT Máximo,0,Baixo,
blocksworld,treino,HAgg Máximo,2,Alto,
blocksworld,treino,Número total de estados,5,Médio,
blocksworld,treino,Número total de ações de entrada,8,Alto,
blocksworld,treino,Número total de ações de saída,8,Alto,
blocksworld,treino,Número total de ações,4,Médio,
blocksworld,treino,Número total de transições,10,Médio,
depots,treino,Número de Atores,2,Alto,
depots,treino,Número de Casos de Uso,5,Médio,
depots,treino,Número de Casos de Uso por Atores,0.4,Alto,
depots,treino,Número total de Classes,9,Alto,
depots,treino,Número total de Atributos,8,Médio,
depots,treino,Número total de Métodos,5,Médio,
depots,treino,Número total de Associações,3,Baixo,
depots,treino,Número total de Agregação,1,Médio,
depots,treino,Número total de Generalização,7,Alto,
depots,treino,Número total de Hierarquias,3,Alto,
depots,treino,DIT Máximo,2,Alto,
depots,treino,HAgg Máximo,1,Baixo,
depots,treino,Número total de estados,6,Alto,
depots,treino,Número total de ações de entrada,8,Alto,
depots,treino,Número total de ações de saída,8,Alto,
depots,treino,Número total de ações,5,Médio,
depots,treino,Número total de transições,13,Alto,
driverlog,treino,Número de Atores,2,Alto,
driverlog,treino,Número de Casos de Uso,6,Alto,
driverlog,treino,Número de Casos de Uso por Atores,0.33,Médio,
driverlog,treino,Número total de Classes,5,Médio,
driverlog,treino,Número total de Atributos,8,Médio,
driverlog,treino,Número total de Métodos,6,Alto,
driverlog,treino,Número total de Associações,5,Médio,
driverlog,treino,Número total de Agregação,2,Médio,
driverlog,treino,Número total de Generalização,3,Médio,
driverlog,treino,Número total de Hierarquias,1,Médio,
driverlog,treino,DIT Máximo,1,Médio,
driverlog,treino,HAgg Máximo,1,Baixo,
driverlog,treino,Número total de estados,4,Médio,
driverlog,treino,Número total de ações de entrada,4,Médio,
driverlog,treino,Número total de ações de saída,4,Médio,
driverlog,treino,Número total de ações,6,Alto,
driverlog,treino,Número total de transições,11,Médio,
gripper,treino,Número de Atores,1,Baixo,
gripper,treino,Número de Casos de Uso,3,Baixo,
gripper,treino,Número de Casos de Uso por Atores,0.33,Médio,
gripper,treino,Número total de Classes,4,Médio,
gripper,treino,Número total de Atributos,4,Baixo,
gripper,treino,Número total de Métodos,3,Baixo,
gripper,treino,Número total de Associações,3,Baixo,
gripper,treino,Número total de Agregação,1,Médio,
gripper,treino,Número total de Generalização,0,Baixo,
gripper,treino,Número total de Hierarquias,0,Baixo,
gripper,treino,DIT Máximo,0,Baixo,
gripper,treino,HAgg Máximo,1,Baixo,
gripper,treino,Número total de estados,5,Médio,
gripper,treino,Número total de ações de entrada,4,Médio,
gripper,treino,Número total de ações de saída,4,Médio,
gripper,treino,Número total de ações,3,Baixo,
gripper,treino,Número total de transições,9,Médio,
logistics,treino,Número de Atores,2,Alto,
logistics,treino,Número de Casos de Uso,6,Alto,
logistics,treino,Número de Casos de Uso por Atores,0.33,Médio,
logistics,treino,Número total de Classes,8,Médio,
logistics,treino,Número total de Atributos,7,Médio,
logistics,treino,Número total de Métodos,6,Alto,
logistics,treino,Número total de Associações,4,Médio,
logistics,treino,Número total de Agregação,4,Alto,
logistics,treino,Número total de Generalização,4,Médio,
logistics,treino,Número total de Hierarquias,2,Médio,
logistics,treino,DIT Máximo,1,Médio,
logistics,treino,HAgg Máximo,2,Alto,
logistics,treino,Número total de estados,5,Médio,
logistics,treino,Número total de ações de entrada,4,Médio,
logistics,treino,Número total de ações de saída,4,Baixo,
logistics,treino,Número total de ações,6,Alto,
logistics,treino,Número total de transições,12,Médio,
mystery,treino,Número de Atores,1,Baixo,
mystery,treino,Número de Casos de Uso,3,Baixo,
mystery,treino,Número de Casos de Uso por Atores,0.33,Médio,
mystery,treino,Número total de Classes,6,Médio,
mystery,treino,Número total de Atributos,7,Médio,
mystery,treino,Número total de Métodos,3,Baixo,
mystery,treino,Número total de Associações,7,Alto,
mystery,treino,Número total de Agregação,3,Médio,
mystery,treino,Número total de Generalização,2,Médio,
mystery,treino,Número total de Hierarquias,1,Médio,
mystery,treino,DIT Máximo,1,Médio,
mystery,treino,HAgg Máximo,1,Baixo,
mystery,treino,Número total de estados,3,Baixo,
mystery,treino,Número total de ações de entrada,2,Baixo,
mystery,treino,Número total de ações de saída,2,Baixo,
mystery,treino,Número total de ações,3,Baixo,
mystery,treino,Número total de transições,7,Baixo,
pathways,treino,Número de Atores,1,Baixo,
pathways,treino,Número de Casos de Uso,5,Médio,
pathways,treino,Número de Casos de Uso por Atores,0.2,Médio,
pathways,treino,Número total de Classes,5,Médio,
pathways,treino,Número total de Atributos,5,Médio,
pathways,treino,Número total de Métodos,5,Médio,
pathways,treino,Número total de Associações,4,Médio,2
pathways,treino,Número total de Agregação,0,Baixo,
pathways,treino,Número total de Generalização,2,Médio,
pathways,treino,Número total de Hierarquias,1,Médio,
pathways,treino,DIT Máximo,1,Médio,
pathways,treino,HAgg Máximo,1,Baixo,
pathways,treino,Número total de estados,4,Médio,
pathways,treino,Número total de ações de entrada,5,Médio,
pathways,treino,Número total de ações de saída,4,Médio,
pathways,treino,Número total de ações,5,Médio,
pathways,treino,Número total de transições,7,Baixo,
pipesworld,treino,Número de Atores,1,Baixo,
pipesworld,treino,Número de Casos de Uso,6,Alto,
pipesworld,treino,Número de Casos de Uso por Atores,0.17,Baixo,
pipesworld,treino,Número total de Classes,5,Médio,
pipesworld,treino,Número total de Atributos,11,Alto,
pipesworld,treino,Número total de Métodos,6,Alto,
pipesworld,treino,Número total de Associações,4,Médio,
pipesworld,treino,Número total de Agregação,1,Médio,
pipesworld,treino,Número total de Generalização,0,Baixo,
pipesworld,treino,Número total de Hierarquias,0,Baixo,
pipesworld,treino,DIT Máximo,0,Baixo,
pipesworld,treino,HAgg Máximo,1,Baixo,
pipesworld,treino,Número total de estados,4,Médio,
pipesworld,treino,Número total de ações de entrada,4,Médio,
pipesworld,treino,Número total de ações de saída,4,Médio,
pipesworld,treino,Número total de ações,6,Alto,
pipesworld,treino,Número total de transições,8,Médio,
satellite,treino,Número de Atores,1,Baixo,
satellite,treino,Número de Casos de Uso,5,Médio,
satellite,treino,Número de Casos de Uso por Atores,0.2,Médio,
satellite,treino,Número total de Classes,4,Médio,
satellite,treino,Número total de Atributos,9,Médio,
satellite,treino,Número total de Métodos,5,Médio,
satellite,treino,Número total de Associações,4,Médio,
satellite,treino,Número total de Agregação,2,Médio,
satellite,treino,Número total de Generalização,0,Baixo,
satellite,treino,Número total de Hierarquias,0,Baixo,
satellite,treino,DIT Máximo,0,Baixo,
satellite,treino,HAgg Máximo,2,Alto,
satellite,treino,Número total de estados,5,Médio,
satellite,treino,Número total de ações de entrada,6,Médio,
satellite,treino,Número total de ações de saída,6,Médio,
satellite,treino,Número total de ações,5,Médio,
satellite,treino,Número total de transições,13,Alto,
tpp,treino,Número de Atores,1,Baixo,
tpp,treino,Número de Casos de Uso,4,Médio,
tpp,treino,Número de Casos de Uso por Atores,0.25,Médio,
tpp,treino,Número total de Classes,7,Médio,
tpp,treino,Número total de Atributos,6,Médio,
tpp,treino,Número total de Métodos,4,Médio,
tpp,treino,Número total de Associações,3,Baixo,
tpp,treino,Número total de Agregação,2,Médio,
tpp,treino,Número total de Generalização,2,Médio,4
tpp,treino,Número total de Hierarquias,2,Médio,
tpp,treino,DIT Máximo,1,Médio,
tpp,treino,HAgg Máximo,2,Alto,
tpp,treino,Número total de estados,4,Médio,
tpp,treino,Número total de ações de entrada,3,Médio,
tpp,treino,Número total de ações de saída,3,Médio,
tpp,treino,Número total de ações,4,Médio,
tpp,treino,Número total de transições,7,Baixo,
storage,validacao,Número de Atores,1,Baixo,
storage,validacao,Número de Casos de Uso,5,Médio,
storage,validacao,Número de Casos de Uso por Atores,0.2,Médio,
storage,validacao,Número total de Classes,9,Alto,
storage,validacao,Número total de Atributos,9,Médio,
storage,validacao,Número total de Métodos,5,Médio,
storage,validacao,Número total de Associações,7,Alto,
storage,validacao,Número total de Agregação,2,Médio,
storage,validacao,Número total de Generalização,6,Médio,
storage,validacao,Número total de Hierarquias,3,Alto,
storage,validacao,DIT Máximo,2,Alto,
storage,validacao,HAgg Máximo,1,Baixo,
storage,validacao,Número total de estados,6,Alto,
storage,validacao,Número total de ações de entrada,6,Médio,
storage,validacao,Número total de ações de saída,6,Médio,
storage,validacao,Número total de ações,5,Médio,
storage,validacao,Número total de transições,9,Médio,
zenotravel,validacao,Número de Atores,2,Alto,
zenotravel,validacao,Número de Casos de Uso,5,Médio,
zenotravel,validacao,Número de Casos de Uso por Atores,0.4,Alto,
zenotravel,validacao,Número total de Classes,4,Médio,
zenotravel,validacao,Número total de Atributos,6,Médio,
zenotravel,validacao,Número total de Métodos,5,Médio,
zenotravel,validacao,Número total de Associações,2,Baixo,
zenotravel,validacao,Número total de Agregação,2,Médio,
zenotravel,validacao,Número total de Generalização,2,Médio,
zenotravel,validacao,Número total de Hierarquias,1,Médio,
zenotravel,validacao,DIT Máximo,1,Médio,
zenotravel,validacao,HAgg Máximo,1,Baixo,
zenotravel,validacao,Número total de estados,3,Baixo,
zenotravel,validacao,Número total de ações de entrada,2,Baixo,
zenotravel,validacao,Número total de ações de saída,2,Baixo,
zenotravel,validacao,Número total de ações,5,Médio,
zenotravel,validacao,Número total de transições,5,Baixo,
elevator,validacao,Número de Atores,2,Alto,
elevator,validacao,Número de Casos de Uso,6,Alto,
elevator,validacao,Número de Casos de Uso por Atores,0.3,Médio,
elevator,validacao,Número total de Classes,3,Baixo,
elevator,validacao,Número total de Atributos,13,Alto,
elevator,validacao,Número total de Métodos,9,Alto,
elevator,validacao,Número total de Associações,3,Baixo,
elevator,validacao,Número total de Agregação,1,Médio,
elevator,validacao,Número total de Generalização,0,Baixo,
elevator,validacao,Número total de Hierarquias,0,Baixo,
elevator,validacao,DIT Máximo,0,Baixo,
elevator,validacao,HAgg Máximo,1,Baixo,
elevator,validacao,Número total de estados,7,Alto,
elevator,validacao,Número total de ações de entrada,8,Alto,
elevator,validacao,Número total de ações de saída,8,Alto,
elevator,validacao,Número total de ações,10,Alto,
elevator,validacao,Número total de transições,15,Alto,
