ipc_de_origem,dominio,BB2,HSP,IPP,FF,HSP2,MIPS,SysR,LPG,SimP,FD,FDD,MIPSXXL,C3,FFSA,LAMA08,FDSS11,LAMA11,Probe,Merc,MpC,YAHSP,FDRemix,LAPKT,Saar,ANS,DecS,FDSS23,Levitron,Maidu
1998,Grid,2,0,1,8,4,4,0,3,0,4,6,0,5,8,9,8,8,7,9,4,14,9,8,10,8,18,17,18,18
1998,Gripper,0,2,0,30,30,8,30,27,0,30,30,0,30,30,30,30,30,30,30,30,24,30,30,30,30,30,30,30,30
1998,Logistics,0,0,0,21,0,0,0,2,0,11,9,0,9,15,14,14,14,7,17,7,6,12,4,12,8,30,20,14,14
1998,MPrime,1,3,1,9,7,2,0,6,5,12,13,0,4,8,8,21,11,9,10,7,11,23,10,14,11,6,22,20,22
2000,Blocks,1,0,1,10,6,1,30,8,0,3,10,1,10,3,17,18,25,21,23,5,26,23,6,22,10,16,26,27,26
2000,Freecell,3,0,3,22,21,1,1,3,11,16,22,6,23,17,23,28,24,24,26,10,23,27,28,26,29,26,28,28,29
2000,Miconic,0,2,0,30,30,0,30,29,10,30,30,0,30,30,30,30,30,30,30,30,30,30,30,30,30,30,30,30,30
2002,Depots,0,2,0,12,4,1,2,8,10,9,12,1,10,12,16,11,14,12,17,8,6,13,16,21,19,15,14,18,16
2002,Driverlog,0,0,0,3,8,0,0,7,5,12,12,0,5,3,29,18,28,19,26,8,15,24,24,30,27,25,24,27,25
2002,Rovers,0,2,0,30,7,10,30,18,26,29,30,0,30,30,30,30,30,30,30,30,30,30,30,30,30,30,30,30,30
2002,Satellite,2,3,0,29,8,2,30,8,30,16,16,0,11,14,17,17,17,10,20,10,16,19,8,19,11,18,18,25,17
2002,Zenotravel,0,2,4,21,6,0,0,6,29,13,13,0,5,12,13,13,13,9,16,8,12,15,11,15,0,15,15,16,14
2004,Airport,0,0,0,10,14,0,0,0,2,30,30,0,19,16,12,25,13,17,12,27,25,21,25,26,27,17,24,29,29
2004,Pipeswrldnt,1,0,1,16,14,0,0,5,22,20,24,0,15,19,0,23,24,25,24,6,24,24,29,26,30,22,24,29,24
2004,Pipeswrldt,0,0,0,11,9,0,0,2,22,11,23,1,12,8,14,29,29,29,29,3,27,30,30,30,26,28,29,30,30
2006,Openstacks,0,0,0,23,0,0,30,2,0,0,0,2,12,9,28,14,28,10,30,6,0,30,21,30,27,22,30,30,30
2006,Pathways,0,0,0,0,0,0,0,0,0,0,0,0,0,0,0,0,0,0,0,0,0,0,0,0,0,0,0,0,0
2006,Storage,0,0,0,3,3,0,0,0,2,4,10,0,4,3,7,10,16,10,16,9,12,8,20,27,0,15,17,16,15
2006,TPP,0,0,0,14,7,2,30,0,2,12,17,2,13,11,17,15,18,15,18,8,21,21,10,21,14,20,20,23,20
2008,Elevators,0,1,0,28,4,1,0,0,4,9,12,1,30,17,29,27,30,23,30,17,16,24,23,30,30,30,30,29,29
2008,Parcprinter,0,20,0,30,29,0,12,24,7,19,25,5,30,23,24,30,30,25,30,30,30,30,6,30,16,30,30,30,30
2008,Pegsol,22,0,23,30,30,22,0,12,0,30,30,28,30,30,30,30,30,30,30,29,30,30,30,30,30,30,30,30,30
2008,Scanalyzer,0,0,1,13,8,1,30,11,27,15,15,1,14,17,18,16,18,14,21,8,8,15,16,20,18,4,20,30,19
2008,Sokoban,1,0,2,18,19,9,0,0,0,17,18,11,17,12,17,22,22,18,19,7,21,25,18,27,19,22,23,26,26
2011,Barman,0,0,0,1,0,0,7,3,0,0,2,0,0,0,17,16,26,26,30,2,8,29,5,21,17,19,29,26,26
2011,Floortile,2,0,0,2,2,0,1,3,0,1,2,0,2,2,2,2,2,2,2,15,2,8,1,9,1,2,2,8,8
2011,NoMystery,0,0,0,4,0,1,0,0,0,0,2,0,1,2,15,13,13,2,25,5,5,25,10,15,11,22,28,21,21
2011,Parking,0,0,0,4,0,0,0,0,5,0,0,0,3,15,17,13,22,10,24,5,25,14,19,20,22,10,18,23,18
2011,Tidybot,0,0,2,15,0,0,0,0,0,0,0,0,9,13,14,17,12,25,14,5,0,20,24,23,0,12,20,22,22
2011,Transport,0,0,0,11,11,1,0,0,4,12,12,0,7,7,12,13,14,16,23,3,21,19,13,22,18,22,14,17,12
2011,Visitall,0,0,0,5,4,0,3,0,3,10,10,0,12,7,10,7,17,17,17,7,17,17,17,17,17,5,17,17,17
2011,Woodworking,1,0,0,6,2,0,0,0,1,0,0,1,7,11,14,8,16,9,8,8,5,8,5,22,7,11,13,10,10
2014,Childsnack,6,0,0,0,2,0,2,4,8,2,1,0,3,2,3,7,4,0,4,2,3,18,2,27,7,30,19,20,19
2014,GED,0,0,0,4,0,0,0,3,0,0,0,1,4,3,0,30,30,17,30,3,24,30,27,30,22,30,30,30,30
2014,Hiking,0,0,0,0,0,0,0,1,0,0,0,0,0,0,7,15,8,9,2,0,0,16,4,23,10,20,28,18,18
2014,Tetris,0,0,0,1,1,1,1,0,4,0,0,1,0,0,3,6,5,0,7,0,1,5,11,6,0,9,7,10,10
2014,Thoughtful,0,0,0,10,9,0,0,0,1,2,22,0,12,12,19,28,20,22,21,0,10,30,30,27,30,18,30,30,30
2018,Agricola,0,0,0,29,0,0,0,0,0,0,0,0,6,9,24,25,24,15,30,3,0,30,25,29,30,30,30,30,30
2018,Datanet,0,0,1,6,0,0,0,0,0,0,0,0,4,4,16,21,18,4,20,4,0,22,12,27,23,20,20,20,21
2018,Organicsynth,0,0,0,0,0,0,0,0,1,0,0,0,0,9,15,17,17,9,20,2,9,15,4,16,10,16,20,16,14
2018,Snake,0,0,0,11,0,0,0,0,0,0,0,1,6,6,7,7,10,20,10,9,0,12,17,15,30,10,14,30,16
2018,Termes,0,0,0,7,0,0,0,0,0,0,0,0,7,0,17,13,21,9,19,0,0,17,2,21,4,16,20,20,20
