id,linha,secao,tipo,trecho,resumo,observacao
B2-001,495,Planejadores,metodo,Este trabalho propõe criar uma relação entre características de domínio e técnicas de planejamento.,Proposta de estabelecer correlação entre características de domínios e técnicas de planejamento,
B2-002,497,Planejadores,estado-do-campo,"De acordo com os resultados dessas competições, disponibilizados em",Resultados de competições internacionais de planejamento documentados em múltiplas fontes,
B2-003,511,Planejadores,classificacao,"Os planejadores selecionados foram aqueles que obtiveram os melhores resultados nas competições internacionais de planejamento: Blackbox, IPP, FF, System R, LPG, Fast Downward, YAHSP, SGPLAN, SATPLAN e MAXPLAN.",Seleção de 10 planejadores campeões de competições internacionais,
B2-004,515,Planejadores,sobre-obra,"O Blackbox (KAUTZ e SELMAN, 1998) é um sistema de planejamento que funciona convertendo",Blackbox converte problemas STRIPS em SAT,Tabela 04
B2-005,517,Planejadores,classificacao,Seu funcionamento é divido em duas partes: primeiro é construído um grafo de planos para reduzir o espaço de busca do problema e então este grafo é traduzido para uma instância SAT.,Blackbox usa GraphPlan depois traduz para SAT,
B2-006,519,Planejadores,sobre-obra,"O planejador IPP (KOEHLER, 1998) é um sistema de planejamento baseado no sistema de",IPP combina GraphPlan com verificação de tipos,Tabela 04
B2-007,521,Planejadores,sobre-obra,"O sistema de planejamento heurístico FF (Fast-Forward) (HOFFMANN e NEBEL, 2001) é",FF é baseado em HSP e usa grafos de planos,Tabela 04
B2-008,523,Planejadores,sobre-obra,"O planejador System R (LIN, 2001) é baseado no sistema de planejamento STRIPS. A partir de um conjunto de objetivos simples, ele seleciona um objetivo para trabalhar.",System R trabalha com objetivos simples selecionados sequencialmente,Tabela 04
B2-009,525,Planejadores,sobre-obra,"O LPG (Local search for Planning Graphs) (GEREVINI e SERINA, 2002) é um planejador",LPG combina busca local com GraphPlan e domínios numéricos,Tabela 04
B2-010,527,Planejadores,sobre-obra,"O funcionamento básico da busca deste planejador foi inspirado no Walksat, um procedimento eficiente para resolver problemas de satisfabilidade.",Inspiração do LPG no algoritmo Walksat para SAT,
B2-011,529,Planejadores,sobre-obra,"O Fast Downward (HELMERT, 2006) é um sistema clássico de planejamento baseado em busca",Fast Downward é progressivo com busca heurística e suporta PDDL 2.2,Tabela 04
B2-012,531,Planejadores,classificacao,a entrada é traduzida primeiro em uma representação alternativa chamada de planejamento de tarefas,Fast Downward usa representação multivalorada de tarefas,
B2-013,533,Planejadores,classificacao,o Fast Downward utiliza decomposição hierárquica de tarefas de planejamento para computar,Fast Downward usa heurística de grafo causal baseada em decomposição hierárquica,Tabela 04
B2-014,535,Planejadores,sobre-obra,"O YAHSP (Yet Another Heuristic Search Planner) (VIDAL, 2002) é um sistema de planejamento",YAHSP é baseado em HSP com heurística similar a FF,Tabela 04
B2-015,537,Planejadores,sobre-obra,"O planejador SGPLAN (CHEN, HSU e WAH, 2004) é um sistema de planejamento que divide",SGPLAN decomposição em sub-problemas,Tabela 04
B2-016,539,Planejadores,sobre-obra,"O SATPLAN (KAUTZ, SELMAN e HOFFMANN, 2006) é um sistema de planejamento que constrói",SATPLAN constrói grafo de planos traduzido em SAT,Tabela 04
B2-017,541,Planejadores,classificacao,"Depois de encontrar a solução, ações desnecessárias são removidas do plano.",SATPLAN remove ações redundantes após solver,
B2-018,543,Planejadores,sobre-obra,"O MAXPLAN (XING, CHEN e ZHANG, 2006) é um sistema de planejamento similar ao SATPLAN.",MAXPLAN estende SATPLAN com exclusão mútua de longa distância,Tabela 04
B2-019,547,Planejadores,metodo,Os planejadores selecionados utilizam mais de uma técnica para gerar planos. As tabelas 2 e 3 mostram a relação entre os planejadores selecionados e as técnicas utilizadas.,Cada planejador implementa múltiplas técnicas de planejamento,Tabelas 02 e 03
B2-020,549,Planejadores,classificacao,"Nesta pesquisa, os planejadores baseados em resolução de problemas de satisfabilidade são",Planejadores SAT tratados como Forward-chaining neste trabalho,
B2-021,606,Domínios,metodo,Esses domínios deveriam ser modelados corretamente em UML.P e deveriam ser de propósitos,Requisitos de modelagem: UML.P e propósitos distintos,
B2-022,608,Domínios,metodo,Todos os domínios selecionados participaram das competições internacionais de planejamento.,Domínios selecionados foram validadores de planejadores em competições,
B2-023,610,Domínios,metodo,Os modelos criados foram validados comparando a representação em PDDL gerada pelo itSIMPLE com os arquivos PDDL dos domínios selecionados encontrados nas competições internacionais de planejamento.,Validação cruzada de modelos UML.P contra PDDL das competições,
B2-024,614,Domínios,classificacao,"Os domínios selecionados foram: Gripper, Mystery, Logistic World, Blocks World, Depots, DriverLog,",10 domínios selecionados e modelados em itSIMPLE,Tabelas 08 e 09
B2-025,616,Domínios,sobre-obra,"No domínio Gripper existe um robô com duas garras, que pode levar uma bola em cada garra",Domínio Gripper: problema de transporte com simetria de garras,
B2-026,616,Domínios,resultado,"Alguns planejadores tratam as duas garras de forma assimétrica, gerando uma explosão combinatória desnecessária.",Tratamento assimétrico de garras causa explosão combinatória,
B2-027,622,Domínios,sobre-obra,"No domínio Mystery existe um gráfico plano de nós (MCDERMOTT, 2008). Em cada nó estão veículos,",Domínio Mystery: transporte de carga com limitação de combustível,
B2-028,630,Domínios,sobre-obra,No domínio Logistics World o objetivo é mover um conjunto de pacotes entre localidades,Domínio Logistics World: transporte multivial de pacotes,
B2-029,636,Domínios,sobre-obra,"O domínio Blocks World consiste em empilhar um conjunto de blocos numa determinada ordem (BACCHUS, 2000). Existe um alto grau de interação entre os objetivos.",Domínio Blocks World: alta interação entre objetivos,
B2-030,642,Domínios,sobre-obra,"O domínio Depots foi concebido para verificar o que aconteceria se dois domínios anteriormente bem pesquisados fossem unidos (FOX e LONG, 2002). Esse dois domínios são o mundo de blocos e o mundo da logística.",Domínio Depots: fusão de Blocks World e Logistics World,
B2-031,650,Domínios,sobre-obra,"O domínio DriverLog consiste em conduzir caminhões para entregar pacotes entre localizações (FOX e LONG, 2002). A complicação está na ordenação da alocação de motoristas que devem conduzir os caminhões.",Domínio DriverLog: problema de alocação de motoristas,
B2-032,656,Domínios,sobre-obra,"Satellite é o primeiro dos domínios inspirado por aplicações espaciais (FOX e LONG, 2002).",Domínio Satellite: planejamento de observação espacial,
B2-033,662,Domínios,sobre-obra,O domínio Pipes World tem como objetivo controlar o fluxo de derivados de petróleo através,Domínio Pipes World: controle de fluxo com restrições de compatibilidade,
B2-034,668,Domínios,sobre-obra,"O domínio TPP é baseado no problema do caixeiro viajante, que consiste em viajar",Domínio TPP: variação do problema do caixeiro viajante,
B2-035,674,Domínios,sobre-obra,o domínio Pathways é inspirado no campo da biologia molecular e consiste em encontrar,Domínio Pathways: sequenciamento de reações químicas,
B2-036,684,Domínios,estado-do-campo,"De acordo com (SIAU e CAO, 2006), a expressividade da UML é maior do que a de métodos",UML tem maior riqueza de representação que OMT e Yourdon,
B2-037,686,Domínios,metodo,Foram extraídas 17 (dezessete) métricas para caracterizar domínios a partir desses diagramas.,17 métricas selecionadas para caracterização de domínios,Tabelas 05 06 07
B2-038,688,Domínios,metodo,No diagrama de casos de uso é possível extrair métricas relativas ao número de atores,Três métricas extraídas de diagrama de casos de uso,Tabela 05
B2-039,704,Domínios,metodo,"No trabalho (GENERO e PIATTINI, 2001), estão definidas métricas que estabelecem a complexidade estrutural dos diagramas de classes, considerando o uso de associações, generalizações, agregações e dependências.",Métricas de complexidade estrutural para diagramas de classes,Tabela 06
B2-040,718,Domínios,metodo,É o valor que representa o caminho mais longo (profundidade da herança) entre uma classe e sua classe pai.,DIT e HAgg métricas de profundidade em hierarquias,
B2-041,723,Domínios,metodo,"Da mesma forma, podemos caracterizar um determinado domínio de acordo com as métricas extraídas",Métricas de classes permitem caracterização combinada de domínios,Tabela 06
B2-042,725,Domínios,metodo,"Por fim, no diagrama de estados existem métricas que revelam características do comportamento dinâmico de um domínio através dos diferentes elementos que compõe esse tipo de diagrama: estados, transições, atividades e ações.",Diagrama de estados fornece métricas de comportamento dinâmico,Tabela 07
B2-043,743,Domínios,metodo,Os valores das métricas foram obtidos a partir de uma contagem manual dos elementos e relacionamentos presentes nos domínios selecionados e modelados em UML.P no itSIMPLE.,Métricas obtidas por contagem manual em modelos itSIMPLE,Tabelas 08 e 09
B2-044,794,Domínios,metodo,"Cada valor de métrica foi classificado como Alto, Médio ou Baixo, considerando os valores dessas métricas nos 10 domínios estudados.",Discretização em três níveis usando variância dos valores,Tabelas 10 e 11
B2-045,796,Domínios,metodo,"Por exemplo, o domínio Depots apresentou o maior valor na métrica Número total de classes (9); já o domínio Blocks World apresentou o menor valor de Número total de classes (3); a variância aproximada dos valores nesta faixa foi de 3,5.",Limiar de discretização calculado por variância entre máximo e mínimo,Tabelas 08 09 10
B2-046,846,Domínios,trabalho-futuro,"Esta estratégia simplificada de discretização foi adotada devido ao pequeno número de domínios relevantes para esta pesquisa que estavam disponíveis nas competições internacionais de planejamento. Entretanto, com a adição de mais domínios neste estudo, os valores de Baixo, Médio e Alto podem ser reclassificados para representarem adequadamente a variação dos valores das métricas de todos os domínios. Futuramente, quando uma",Discretização poderá ser refinada com mais domínios,
B2-047,846,Domínios,trabalho-futuro,"Futuramente, quando uma quantidade razoável de domínios estiver sendo considerada, uma abordagem estatística poderá ser utilizada na discretização dos valores para refinar esta classificação.",Abordagem estatística sugerida para refinamento futuro,
