dominio,planejador,eficiencia_pct,ipc_compativel,log_execucao_propria,planos_no_log,origem_provavel
blocksworld,Blackbox,25,2000,,,competicao
blocksworld,IPP,27,2000,,,competicao
blocksworld,FF,73,2000,,,competicao
blocksworld,R,100,2000,,,competicao
depots,FF,100,2002,,,competicao
depots,R,5,nenhuma,r_depots.log,1,execucao_propria
depots,Fast Downward,86,nenhuma,fastd_depots.log,19,execucao_propria
driverlog,FF,75,2002,,,competicao
driverlog,R,25,nenhuma,r_driverlog.log,5,execucao_propria
driverlog,Fast Downward,100,nenhuma,fastd_driverlog.log,20,execucao_propria
gripper,Blackbox,10,1998,,,competicao
gripper,IPP,25,1998,,,competicao
logistics,Blackbox,100,1998;2000,,,competicao
logistics,IPP,64,1998;2000,,,competicao
logistics,FF,100,2000,,,competicao
logistics,R,96,2000,,,competicao
mystery,Blackbox,44,1998,,,competicao
mystery,IPP,43,1998,,,competicao
pathways,Fast Downward,100,2006,,,competicao
pathways,SGPlan,100,2006,,,competicao
pathways,SATPlan,30,2006,,,competicao
pathways,MaxPlan,50,2006,,,competicao
pipesworld,LPG,68,2004,,,competicao
pipesworld,Fast Downward,38,2004;2006,,,competicao
pipesworld,YAHSP,86,2004,,,competicao
pipesworld,SGPlan,66,2004;2006,,,competicao
pipesworld,SATPlan,24,2004;2006,,,competicao
pipesworld,MaxPlan,16,2006,,,competicao
satellite,FF,100,2002,,,competicao
satellite,LPG,100,2002;2004,,,competicao
satellite,Fast Downward,100,2004,,,competicao
satellite,YAHSP,100,2004,,,competicao
satellite,SGPlan,83,2004,,,competicao
satellite,SATPlan,31,2004,,,competicao
tpp,Fast Downward,100,2006,,,competicao
tpp,SGPlan,100,2006,,,competicao
tpp,SATPlan,80,2006,,,competicao
tpp,MaxPlan,50,2006,,,competicao
