tabela,coluna,n_celulas,publicado,recalculado,diferenca,situacao
tabela_18,Nota,36,8,"8,306","-0,306",confere
tabela_27,Backward chaining,17,"3,59","3,588","+0,002",confere
tabela_27,Forward chaining,17,"6,76","6,765","-0,005",confere
tabela_27,Hierarchical,17,"9,00","9,000","+0,000",confere
tabela_27,Partial order,17,"6,41","6,412","-0,002",confere
tabela_27,Total order,17,"6,65","6,647","+0,003",confere
tabela_28,Plan Space,17,"7,12","7,118","+0,002",confere
tabela_28,State Space,17,"6,06","6,059","+0,001",confere
tabela_28,Graph based,17,"6,24","6,235","+0,005",confere
tabela_28,Heuristc search,17,"8,76","8,765","-0,005",confere
tabela_28,SAT based,17,"4,65","4,647","+0,003",confere
tabela_28,Knowledge based,17,"8,71","8,706","+0,004",confere
tabela_29,Blackbox,5,"6,1","6,072","+0,028",confere
tabela_29,IPP,4,"6,4","6,428","-0,027",confere
tabela_29,FF,5,"6,85","6,894","-0,044",diverge
tabela_29,R,4,"5,7","5,705","-0,005",confere
tabela_29,LPG,5,"7,05","7,058","-0,008",truncamento
tabela_29,Fast D.,5,"7,4","7,446","-0,046",confere
tabela_29,YAHSP,6,"7,19","7,197","-0,007",truncamento
tabela_29,SGPlan,3,"6,76","6,763","-0,003",confere
tabela_29,SatPlan,5,"6,23","6,236","-0,006",truncamento
tabela_29,MaxPlan,5,"6,23","6,236","-0,006",truncamento
tabela_33,Backward chaining,17,"3,88","3,882","-0,002",confere
tabela_33,Forward chaining,17,"6,71","6,706","+0,004",confere
tabela_33,Hierarchical,17,"8,82","8,824","-0,004",confere
tabela_33,Partial order,17,"6,53","6,529","+0,001",confere
tabela_33,Total order,17,"6,59","6,588","+0,002",confere
tabela_34,Plan Space,17,"7,29","7,294","-0,004",confere
tabela_34,State Space,17,"5,88","5,882","-0,002",confere
tabela_34,Graph based,17,"6,12","6,118","+0,002",confere
tabela_34,Heuristc search,17,"8,24","8,235","+0,005",confere
tabela_34,SAT based,17,"5,24","5,235","+0,005",confere
tabela_34,Knowledge based,17,"8,24","8,235","+0,005",confere
tabela_35,Blackbox,5,"6,10","6,108","-0,008",truncamento
tabela_35,IPP,4,"6,32","6,325","-0,005",confere
tabela_35,FF,5,"6,70","6,708","-0,008",truncamento
tabela_35,R,4,"5,75","5,750","+0,000",confere
tabela_35,LPG,5,"6,90","6,978","-0,078",diverge
tabela_35,Fast D.,5,"7,24","7,248","-0,008",truncamento
tabela_35,YAHSP,6,"6,90","6,963","-0,063",diverge
tabela_35,SGPlan,3,"6,84","6,843","-0,003",confere
tabela_35,SatPlan,5,"6,40","6,378","+0,022",diverge
tabela_35,MaxPlan,5,"6,40","6,378","+0,022",diverge
tabela_39,Backward chaining,17,"5,00","5,000","+0,000",confere
tabela_39,Forward chaining,17,"6,88","6,882","-0,002",confere
tabela_39,Hierarchical,17,"8,88","8,882","-0,002",confere
tabela_39,Partial order,17,"6,76","6,765","-0,005",confere
tabela_39,Total order,17,"6,82","6,824","-0,004",confere
tabela_40,Plan Space,17,"7,24","7,235","+0,005",confere
tabela_40,State Space,17,"6,41","6,412","-0,002",confere
tabela_40,Graph based,17,"6,47","6,471","-0,001",confere
tabela_40,Heuristc search,17,"8,71","8,706","+0,004",confere
tabela_40,SAT based,17,"4,76","4,765","-0,005",confere
tabela_40,Knowledge based,17,"9,65","9,647","+0,003",confere
tabela_41,Blackbox,5,"6,26","6,268","-0,008",truncamento
tabela_41,IPP,4,"6,64","6,645","-0,005",confere
tabela_41,FF,5,"7,05","7,058","-0,008",truncamento
tabela_41,R,4,"6,26","6,263","-0,003",confere
tabela_41,LPG,5,"7,21","7,212","-0,002",confere
tabela_41,Fast D.,5,"7,54","7,540","-0,000",confere
tabela_41,YAHSP,6,"7,49","7,490","+0,000",confere
tabela_41,SGPlan,3,"6,96","6,960","+0,000",confere
tabela_41,SatPlan,5,"6,42","6,422","-0,002",confere
tabela_41,MaxPlan,5,"6,42","6,422","-0,002",confere
