id,situacao,observacao
AF-232,confere,17 métricas em data/2010/metricas.csv e nas Tabelas 5–7 (Coordenador)
AF-243,confere-parcial,"Depots = 9 (máximo) e Blocks World = 3 (mínimo) conferem nas Tabelas 8–9. A ""variância aproximada de 3,5"" não se reproduz exatamente: 3,24 (populacional) ou 3,60 (amostral) sobre os 10 valores (Coordenador)"
AF-270,confere,"Tabela 18: média 8,30 sobre 37 notas (publicada como 8); ""em torno de 80%"" confere (Coordenador)"
AF-295,diverge,"Texto: 6,17. Recalculado das cinco técnicas do Blackbox na Tabela 28 (6,06; 6,65; 6,76; 6,24; 4,65): 6,07. Tabela 29 publica 6,1 e Tabela 30, 6,2. Ver conferencia-medias.csv e conferencia-transcricao-ranking.csv; achado G18 (Coordenador)"
AF-294,diverge,"Tabela 29: 1 média diverge além do arredondamento (FF 6,85 × 6,89 recalculado) e 4 foram truncadas; nenhuma muda a ordem. Ver conferencia-medias.csv; achado G18 (Coordenador)"
AF-296,diverge,"Tabela 30 não copia a Tabela 29 em 4 valores (IPP 6,5 × 6,4; SatPlan e MaxPlan 6,3 × 6,23; Blackbox 6,2 × 6,1); a ordem não muda. Ver conferencia-transcricao-ranking.csv; achado G18 (Coordenador)"
AF-307,diverge,"Tabela 35: 4 médias divergem além do arredondamento (LPG 6,90 × 6,98; YAHSP 6,90 × 6,96; SatPlan e MaxPlan 6,40 × 6,38); a ordem não muda. Ver conferencia-medias.csv; achado G18 (Coordenador)"
AF-319,confere-parcial,"Tabela 41: duas médias truncadas (Blackbox, FF), nenhuma divergência além disso. Ver conferencia-medias.csv (Coordenador)"
AF-299,reproduzido,"50% se reproduz como coincidência exata de posição entre Tabelas 30 e 31 (5 de 10). A medida não é definida no texto; [HIPÓTESE] de que é essa. Linha de base sem características: 10%. Ver conferencia-rankings.csv; achado G19 (Coordenador)"
AF-322,reproduzido,"50% se reproduz como coincidência exata de posição entre Tabelas 42 e 43 (5 de 10); 5 planejadores empatam com nota 10, então a ordem dentro do empate é arbitrária. Ver conferencia-rankings.csv; achado G19 (Coordenador)"
