metrica_uml,feature_mais_correlacionada,spearman,acaso_p95,p_permutacao
Número de Atores,cg_grau_max,-0.63,0.76,0.21
Número de Casos de Uso,cg_aciclico,0.36,0.76,0.949
Número de Casos de Uso por Atores,dominio_medio,0.63,0.75,0.23
Número total de Classes,cg_treewidth_sup,0.46,0.74,0.664
Número total de Atributos,metas,-0.52,0.75,0.487
Número total de Métodos,cg_grau_max,-0.35,0.74,0.934
Número total de Associações,dtg_arcos_invertiveis_frac,0.51,0.74,0.547
Número total de Agregação,dominio_medio,0.56,0.75,0.379
Número total de Generalização,dominio_medio,0.48,0.76,0.664
Número total de Hierarquias,dominio_medio,0.44,0.75,0.779
DIT Máximo,dominio_medio,0.51,0.76,0.513
HAgg Máximo,dominio_max,-0.45,0.75,0.708
Número total de estados,operadores,-0.52,0.75,0.493
Número total de ações de entrada,cg_densidade,0.53,0.75,0.484
Número total de ações de saída,cg_densidade,0.61,0.74,0.269
Número total de ações,cg_grau_max,-0.35,0.75,0.938
Número total de transições,operadores,-0.49,0.76,0.582
