dominio,tipo,original,ofuscado
blocksworld,nome,arm-empty,kazaf
blocksworld,nome,b1,rogok
blocksworld,nome,b2,fotul
blocksworld,nome,b3,womuv
blocksworld,nome,b4,torem
blocksworld,nome,b5,lacez
blocksworld,nome,b6,sutij
blocksworld,nome,b7,losut
blocksworld,nome,b8,rucin
blocksworld,nome,b9,sasul
blocksworld,nome,blocksworld,fivuf
blocksworld,nome,bw-rand-9,gavaz
blocksworld,nome,clear,kuzur
blocksworld,nome,holding,masat
blocksworld,nome,on,neqip
blocksworld,nome,on-table,xutus
blocksworld,nome,pickup,povan
blocksworld,nome,putdown,duwim
blocksworld,nome,stack,sexib
blocksworld,nome,unstack,pisod
blocksworld,variavel,?ob,?virut
blocksworld,variavel,?underob,?vubuk
blocksworld,variavel,?x0,?quwof
blocksworld,variavel,?x1,?ruzoq
tpp,nome,at,butim
tpp,nome,buy,qajec
tpp,nome,connected,sifos
tpp,nome,depot,zekaz
tpp,nome,depot1,nozuc
tpp,nome,drive,xuhex
tpp,nome,goods,gukox
tpp,nome,goods1,laref
tpp,nome,goods2,cihav
tpp,nome,level,boxud
tpp,nome,level0,qizez
tpp,nome,level1,sofiv
tpp,nome,level2,lomic
tpp,nome,level3,ramim
tpp,nome,level4,firix
tpp,nome,level5,bunew
tpp,nome,level6,cahuf
tpp,nome,level7,fagup
tpp,nome,load,verun
tpp,nome,loaded,guvid
tpp,nome,locatable,resad
tpp,nome,market,culig
tpp,nome,market1,bolob
tpp,nome,market2,cakam
tpp,nome,market3,fawup
tpp,nome,next,dapib
tpp,nome,on-sale,jobaq
tpp,nome,place,lopaj
tpp,nome,ready-to-load,regum
tpp,nome,stored,voqev
tpp,nome,tpp,xiwef
tpp,nome,tpp-propositional,serod
tpp,nome,truck,bixut
tpp,nome,truck1,nixam
tpp,nome,truck2,nelid
tpp,nome,unload,sukaw
tpp,variavel,?d,?wujum
tpp,variavel,?from,?mepel
tpp,variavel,?g,?hivos
tpp,variavel,?l1,?jebas
tpp,variavel,?l2,?noweb
tpp,variavel,?l3,?pepux
tpp,variavel,?l4,?weful
tpp,variavel,?m,?fuvif
tpp,variavel,?t,?ruraq
tpp,variavel,?to,?soris
tpp,variavel,?x0,?waset
tpp,variavel,?x1,?bevev
tpp,variavel,?x2,?gehol
floortile,nome,available-color,sutum
floortile,nome,black,padat
floortile,nome,change-color,jeret
floortile,nome,clear,takug
floortile,nome,color,wawuq
floortile,nome,down,nexah
floortile,nome,floor-tile,zibox
floortile,nome,left,vicak
floortile,nome,p01,jazor
floortile,nome,paint-down,hamiw
floortile,nome,paint-up,bivoc
floortile,nome,painted,qikul
floortile,nome,right,wavin
floortile,nome,robot,giroq
floortile,nome,robot-at,lekab
floortile,nome,robot-has,nepis
floortile,nome,robot1,qizif
floortile,nome,robot2,potaw
floortile,nome,tile,kokeh
floortile,nome,tile_0-1,puhub
floortile,nome,tile_0-2,hiweh
floortile,nome,tile_1-1,bavap
floortile,nome,tile_1-2,dimew
floortile,nome,tile_2-1,guzeg
floortile,nome,tile_2-2,fitad
floortile,nome,up,lutol
floortile,nome,white,vepox
floortile,variavel,?c,?vadeq
floortile,variavel,?c2,?nulic
floortile,variavel,?r,?qowuh
floortile,variavel,?x,?wipeq
floortile,variavel,?x0,?lefaw
floortile,variavel,?x1,?jumuc
floortile,variavel,?y,?xehim
pipesworld-notankage,nome,a1,dizef
pipesworld-notankage,nome,a2,herer
pipesworld-notankage,nome,a3,bugim
pipesworld-notankage,nome,a4,pobov
pipesworld-notankage,nome,area,tonej
pipesworld-notankage,nome,b0,zowam
pipesworld-notankage,nome,b1,kupud
pipesworld-notankage,nome,b10,haher
pipesworld-notankage,nome,b11,jisuz
pipesworld-notankage,nome,b2,worop
pipesworld-notankage,nome,b3,rojek
pipesworld-notankage,nome,b4,sogig
pipesworld-notankage,nome,b5,tajef
pipesworld-notankage,nome,b6,vatac
pipesworld-notankage,nome,b7,fixin
pipesworld-notankage,nome,b8,kojih
pipesworld-notankage,nome,b9,beved
pipesworld-notankage,nome,batch-atom,xojes
pipesworld-notankage,nome,connect,xerin
pipesworld-notankage,nome,first,xoqob
pipesworld-notankage,nome,follow,wirif
pipesworld-notankage,nome,gasoleo,jezug
pipesworld-notankage,nome,is-product,tuver
pipesworld-notankage,nome,last,gufim
pipesworld-notankage,nome,lco,powuw
pipesworld-notankage,nome,may-interface,biwig
pipesworld-notankage,nome,network3new_all_12_2_instance,logun
pipesworld-notankage,nome,normal,nuzot
pipesworld-notankage,nome,not-unitary,gulen
pipesworld-notankage,nome,oc1b,wigoh
pipesworld-notankage,nome,oca1,lihel
pipesworld-notankage,nome,on,picoh
pipesworld-notankage,nome,pipe,ruwin
pipesworld-notankage,nome,pipesworld_strips,miken
pipesworld-notankage,nome,pop-end,juhid
pipesworld-notankage,nome,pop-start,fenes
pipesworld-notankage,nome,pop-unitarypipe,gabir
pipesworld-notankage,nome,pop-updating,finaj
pipesworld-notankage,nome,product,sepir
pipesworld-notankage,nome,push-end,dujub
pipesworld-notankage,nome,push-start,sulup
pipesworld-notankage,nome,push-unitarypipe,xovuw
pipesworld-notankage,nome,push-updating,tibak
pipesworld-notankage,nome,rat-a,gexac
pipesworld-notankage,nome,s12,sipog
pipesworld-notankage,nome,s13,fewep
pipesworld-notankage,nome,s34,sozuc
pipesworld-notankage,nome,unitary,filol
pipesworld-notankage,variavel,?batch-atom-in,?tiloj
pipesworld-notankage,variavel,?first-batch-atom,?vumoz
pipesworld-notankage,variavel,?from-area,?pivom
pipesworld-notankage,variavel,?last-batch-atom,?duhiv
pipesworld-notankage,variavel,?next-first-batch-atom,?vuguj
pipesworld-notankage,variavel,?next-last-batch-atom,?vofuj
pipesworld-notankage,variavel,?pipe,?lateb
pipesworld-notankage,variavel,?product-batch-atom-in,?duvun
pipesworld-notankage,variavel,?product-first-batch,?tinih
pipesworld-notankage,variavel,?product-last-batch,?boker
pipesworld-notankage,variavel,?to-area,?jucod
pipesworld-notankage,variavel,?x0,?cewuk
pipesworld-notankage,variavel,?x1,?tinin
pipesworld-notankage,variavel,?x2,?zolon
gripper,nome,at,zowag
gripper,nome,at-robby,xaqus
gripper,nome,ball,fimad
gripper,nome,ball1,palec
gripper,nome,ball10,sakab
gripper,nome,ball11,rowas
gripper,nome,ball12,zeheh
gripper,nome,ball13,weviq
gripper,nome,ball14,lesab
gripper,nome,ball15,paguv
gripper,nome,ball16,kogih
gripper,nome,ball17,tufeb
gripper,nome,ball18,qatox
gripper,nome,ball19,nupax
gripper,nome,ball2,jufow
gripper,nome,ball20,bikaq
gripper,nome,ball3,cisuc
gripper,nome,ball4,jocid
gripper,nome,ball5,haleb
gripper,nome,ball6,mucol
gripper,nome,ball7,duhuv
gripper,nome,ball8,xukoc
gripper,nome,ball9,wikuq
gripper,nome,carry,dewib
gripper,nome,drop,nokok
gripper,nome,free,nebaq
gripper,nome,gripper,xadus
gripper,nome,gripper-20,vevax
gripper,nome,gripper-strips,wilas
gripper,nome,left,robej
gripper,nome,move,cazuf
gripper,nome,pick,nemok
gripper,nome,right,cihul
gripper,nome,room,siwuv
gripper,nome,rooma,pexaw
gripper,nome,roomb,hoqaf
gripper,variavel,?from,?futuq
gripper,variavel,?gripper,?rubiz
gripper,variavel,?obj,?qavog
gripper,variavel,?room,?mevil
gripper,variavel,?to,?tuboj
gripper,variavel,?x0,?virat
gripper,variavel,?x1,?kuhoj
logistics,nome,a0,pewuq
logistics,nome,a1,pafej
logistics,nome,a2,hozot
logistics,nome,a3,hovep
logistics,nome,a4,budaf
logistics,nome,airplane,tadeb
logistics,nome,airport,lasum
logistics,nome,at,gobox
logistics,nome,c0,jofoz
logistics,nome,c1,pufok
logistics,nome,c2,nibad
logistics,nome,c3,nesof
logistics,nome,c4,fewon
logistics,nome,c5,zefap
logistics,nome,c6,kesof
logistics,nome,c7,wogab
logistics,nome,city,zumer
logistics,nome,drive-truck,feqez
logistics,nome,fly-airplane,nuqez
logistics,nome,in,fakis
logistics,nome,in-city,dolos
logistics,nome,l0-0,ruxik
logistics,nome,l0-1,zuhur
logistics,nome,l0-10,xixop
logistics,nome,l0-11,biqil
logistics,nome,l0-12,tapos
logistics,nome,l0-13,cubiw
logistics,nome,l0-14,wafir
logistics,nome,l0-2,lawul
logistics,nome,l0-3,vomol
logistics,nome,l0-4,jusep
logistics,nome,l0-5,vilif
logistics,nome,l0-6,zebez
logistics,nome,l0-7,zinan
logistics,nome,l0-8,qozoz
logistics,nome,l0-9,qapos
logistics,nome,l1-0,lomib
logistics,nome,l1-1,jecak
logistics,nome,l1-10,huqad
logistics,nome,l1-11,suros
logistics,nome,l1-12,gamag
logistics,nome,l1-13,relov
logistics,nome,l1-14,zejih
logistics,nome,l1-2,hapuw
logistics,nome,l1-3,sazuv
logistics,nome,l1-4,zamef
logistics,nome,l1-5,refaf
logistics,nome,l1-6,duqag
logistics,nome,l1-7,subir
logistics,nome,l1-8,pusec
logistics,nome,l1-9,rigiw
logistics,nome,l2-0,mafes
logistics,nome,l2-1,qapod
logistics,nome,l2-10,gumuc
logistics,nome,l2-11,wikit
logistics,nome,l2-12,cigis
logistics,nome,l2-13,qajif
logistics,nome,l2-14,lodon
logistics,nome,l2-2,bixal
logistics,nome,l2-3,wejil
logistics,nome,l2-4,diwuf
logistics,nome,l2-5,wakow
logistics,nome,l2-6,pehej
logistics,nome,l2-7,wifol
logistics,nome,l2-8,xopej
logistics,nome,l2-9,hitaz
logistics,nome,l3-0,migad
logistics,nome,l3-1,modej
logistics,nome,l3-10,tetof
logistics,nome,l3-11,palak
logistics,nome,l3-12,rejij
logistics,nome,l3-13,safav
logistics,nome,l3-14,tihog
logistics,nome,l3-2,wabij
logistics,nome,l3-3,bifit
logistics,nome,l3-4,vonuz
logistics,nome,l3-5,kaput
logistics,nome,l3-6,tocip
logistics,nome,l3-7,juluv
logistics,nome,l3-8,powab
logistics,nome,l3-9,rocuc
logistics,nome,l4-0,jumem
logistics,nome,l4-1,rirow
logistics,nome,l4-10,quvon
logistics,nome,l4-11,rafif
logistics,nome,l4-12,cugen
logistics,nome,l4-13,xikiz
logistics,nome,l4-14,lamex
logistics,nome,l4-2,redoq
logistics,nome,l4-3,pezuz
logistics,nome,l4-4,xolik
logistics,nome,l4-5,nudel
logistics,nome,l4-6,hasek
logistics,nome,l4-7,kizos
logistics,nome,l4-8,salid
logistics,nome,l4-9,cisid
logistics,nome,l5-0,lolov
logistics,nome,l5-1,dugil
logistics,nome,l5-10,vutov
logistics,nome,l5-11,foqaf
logistics,nome,l5-12,mokid
logistics,nome,l5-13,dahak
logistics,nome,l5-14,vecam
logistics,nome,l5-2,qahod
logistics,nome,l5-3,ziqub
logistics,nome,l5-4,wadab
logistics,nome,l5-5,cigab
logistics,nome,l5-6,tabuf
logistics,nome,l5-7,sajug
logistics,nome,l5-8,tekap
logistics,nome,l5-9,sajam
logistics,nome,l6-0,bebam
logistics,nome,l6-1,hojod
logistics,nome,l6-10,rapuf
logistics,nome,l6-11,guzuf
logistics,nome,l6-12,mobot
logistics,nome,l6-13,nilun
logistics,nome,l6-14,coqen
logistics,nome,l6-2,rofip
logistics,nome,l6-3,hukad
logistics,nome,l6-4,gosav
logistics,nome,l6-5,dezot
logistics,nome,l6-6,bituh
logistics,nome,l6-7,xuhez
logistics,nome,l6-8,vajet
logistics,nome,l6-9,cetav
logistics,nome,l7-0,fotov
logistics,nome,l7-1,gixoj
logistics,nome,l7-10,fuvuw
logistics,nome,l7-11,saman
logistics,nome,l7-12,fowaf
logistics,nome,l7-13,kegih
logistics,nome,l7-14,qupoj
logistics,nome,l7-2,ludel
logistics,nome,l7-3,fohol
logistics,nome,l7-4,koqev
logistics,nome,l7-5,hubuh
logistics,nome,l7-6,bugig
logistics,nome,l7-7,gameq
logistics,nome,l7-8,hukob
logistics,nome,l7-9,zicoc
logistics,nome,load-airplane,tinef
logistics,nome,load-truck,misur
logistics,nome,location,kohuv
logistics,nome,logistics-c8-s15-p3-a5,ruroz
logistics,nome,logistics-strips,kizux
logistics,nome,obj,hiwab
logistics,nome,p0,tugoq
logistics,nome,p1,cugax
logistics,nome,p2,qahaj
logistics,nome,t0,sodot
logistics,nome,t1,cotif
logistics,nome,t2,cohod
logistics,nome,t3,luver
logistics,nome,t4,fihag
logistics,nome,t5,zumir
logistics,nome,t6,fepar
logistics,nome,t7,duzin
logistics,nome,truck,nesuf
logistics,nome,unload-airplane,mokih
logistics,nome,unload-truck,zubej
logistics,variavel,?airplane,?mazun
logistics,variavel,?city,?poveb
logistics,variavel,?loc,?sotaz
logistics,variavel,?loc-from,?wirew
logistics,variavel,?loc-to,?vizup
logistics,variavel,?obj,?vicuj
logistics,variavel,?truck,?merug
logistics,variavel,?x0,?wiwuq
logistics,variavel,?x1,?liseh
miconic,nome,above,cajif
miconic,nome,board,riwic
miconic,nome,boarded,caret
miconic,nome,depart,zurub
miconic,nome,destin,tiqin
miconic,nome,down,qaceb
miconic,nome,f0,bonov
miconic,nome,f1,xopar
miconic,nome,f10,barug
miconic,nome,f2,mucow
miconic,nome,f3,vecex
miconic,nome,f4,rehax
miconic,nome,f5,worun
miconic,nome,f6,kutaf
miconic,nome,f7,baxuz
miconic,nome,f8,tobah
miconic,nome,f9,vehat
miconic,nome,floor,woxoz
miconic,nome,lift-at,lekid
miconic,nome,miconic,viqas
miconic,nome,mixed-f11-p19-u0-v0-d0-a0-n0-a0-b0-n0-f0,kigag
miconic,nome,origin,neleg
miconic,nome,p0,hejuq
miconic,nome,p1,jowot
miconic,nome,p10,xopob
miconic,nome,p11,xocir
miconic,nome,p12,lekev
miconic,nome,p13,suhow
miconic,nome,p14,tofaz
miconic,nome,p15,zomim
miconic,nome,p16,qumak
miconic,nome,p17,sebir
miconic,nome,p18,wegoq
miconic,nome,p2,qamap
miconic,nome,p3,memov
miconic,nome,p4,nigig
miconic,nome,p5,solah
miconic,nome,p6,zomis
miconic,nome,p7,qocis
miconic,nome,p8,dezeq
miconic,nome,p9,cinam
miconic,nome,passenger,cahej
miconic,nome,served,dodah
miconic,nome,up,filef
miconic,variavel,?f,?falug
miconic,variavel,?f1,?maxav
miconic,variavel,?f2,?gevod
miconic,variavel,?p,?zifuj
miconic,variavel,?x0,?gepah
miconic,variavel,?x1,?fihap
rovers,nome,at,jimoz
rovers,nome,at_lander,qogih
rovers,nome,at_rock_sample,bajed
rovers,nome,at_soil_sample,namuf
rovers,nome,available,qemig
rovers,nome,calibrate,vucix
rovers,nome,calibrated,nonox
rovers,nome,calibration_target,zizod
rovers,nome,camera,soloq
rovers,nome,camera0,wutun
rovers,nome,camera1,jaqel
rovers,nome,camera10,dafox
rovers,nome,camera11,xezev
rovers,nome,camera12,jesat
rovers,nome,camera13,lifij
rovers,nome,camera14,nafix
rovers,nome,camera15,jovoj
rovers,nome,camera2,musat
rovers,nome,camera3,siver
rovers,nome,camera4,lajeb
rovers,nome,camera5,dudoh
rovers,nome,camera6,gucen
rovers,nome,camera7,siciv
rovers,nome,camera8,cotov
rovers,nome,camera9,nipox
rovers,nome,can_traverse,duxuc
rovers,nome,channel_free,niliq
rovers,nome,colour,refij
rovers,nome,communicate_image_data,fovim
rovers,nome,communicate_rock_data,qusun
rovers,nome,communicate_soil_data,hetej
rovers,nome,communicated_image_data,casiv
rovers,nome,communicated_rock_data,riwin
rovers,nome,communicated_soil_data,zirax
rovers,nome,drop,cuhaw
rovers,nome,empty,vefex
rovers,nome,equipped_for_imaging,hesak
rovers,nome,equipped_for_rock_analysis,rovox
rovers,nome,equipped_for_soil_analysis,jehag
rovers,nome,full,hatih
rovers,nome,general,larun
rovers,nome,have_image,badip
rovers,nome,have_rock_analysis,lodib
rovers,nome,have_soil_analysis,gupez
rovers,nome,high_res,xilof
rovers,nome,lander,rosoz
rovers,nome,low_res,vasiq
rovers,nome,mode,lehef
rovers,nome,navigate,difit
rovers,nome,objective,hamap
rovers,nome,objective0,qotit
rovers,nome,on_board,bacax
rovers,nome,rover,zulih
rovers,nome,rover0,sufog
rovers,nome,rover0store,loqid
rovers,nome,roverprob2019,durak
rovers,nome,sample_rock,cepix
rovers,nome,sample_soil,pezed
rovers,nome,store,giled
rovers,nome,store_of,wesud
rovers,nome,supports,vetat
rovers,nome,take_image,zikam
rovers,nome,visible,rarin
rovers,nome,visible_from,pocib
rovers,nome,waypoint,tugaq
rovers,nome,waypoint0,hebev
rovers,nome,waypoint1,lunen
rovers,nome,waypoint2,wahis
rovers,nome,waypoint3,zowat
rovers,nome,waypoint4,quvov
rovers,nome,waypoint5,luxuq
rovers,nome,waypoint6,fozow
rovers,nome,waypoint7,pitir
rovers,nome,waypoint8,rapim
rovers,nome,waypoint9,veroc
rovers,variavel,?i,?quwam
rovers,variavel,?l,?dubil
rovers,variavel,?m,?juvox
rovers,variavel,?o,?losoq
rovers,variavel,?p,?jitib
rovers,variavel,?r,?rumer
rovers,variavel,?s,?lapod
rovers,variavel,?t,?jedoz
rovers,variavel,?w,?dikat
rovers,variavel,?x,?pupog
rovers,variavel,?x0,?gisil
rovers,variavel,?x1,?vanul
rovers,variavel,?x2,?zucop
rovers,variavel,?y,?newin
rovers,variavel,?z,?ravoj
