dominio,planejador,eficiencia_pct_sql,nota_sql
blocksworld,Blackbox,25.4,3
depots,Blackbox,0,0
driverlog,Blackbox,60,6
gripper,Blackbox,10,1
logistics,Blackbox,100,10
mystery,Blackbox,44,4
pathways,Blackbox,13.33,1
pipesworld,Blackbox,10,1
satellite,Blackbox,95,10
tpp,Blackbox,26.67,3
blocksworld,IPP,26.73,3
depots,IPP,45.45,5
driverlog,IPP,65,7
gripper,IPP,25,3
logistics,IPP,64.29,6
mystery,IPP,43.33,4
pathways,IPP,16.67,2
pipesworld,IPP,16,2
satellite,IPP,35,4
tpp,IPP,26.67,3
blocksworld,FF,72.55,7
depots,FF,100,10
driverlog,FF,75,8
gripper,FF,100,10
logistics,FF,100,10
mystery,FF,53.33,5
pathways,FF,33.33,3
pipesworld,FF,40,4
satellite,FF,100,10
tpp,FF,40,4
blocksworld,R,100,10
depots,R,4.55,0
driverlog,R,25,3
gripper,R,100,10
logistics,R,96.43,10
mystery,R,13.33,1
pathways,R,0,0
pipesworld,R,0,0
satellite,R,100,10
tpp,R,66.67,7
blocksworld,LPG,100,10
depots,LPG,100,10
driverlog,LPG,90,9
gripper,LPG,100,10
logistics,LPG,96.43,10
mystery,LPG,60,6
pathways,LPG,100,10
pipesworld,LPG,68,7
satellite,LPG,100,10
tpp,LPG,46.67,5
blocksworld,Fast Downward,100,10
depots,Fast Downward,86.36,9
driverlog,Fast Downward,100,10
gripper,Fast Downward,100,10
logistics,Fast Downward,96.43,10
mystery,Fast Downward,63.33,6
pathways,Fast Downward,100,10
pipesworld,Fast Downward,38,4
satellite,Fast Downward,100,10
tpp,Fast Downward,100,10
blocksworld,YAHSP,100,10
depots,YAHSP,86.36,9
driverlog,YAHSP,100,10
gripper,YAHSP,100,10
logistics,YAHSP,96.43,10
mystery,YAHSP,53.33,5
pathways,YAHSP,66.67,7
pipesworld,YAHSP,86,9
satellite,YAHSP,100,10
tpp,YAHSP,100,10
blocksworld,SGPlan,94.29,9
depots,SGPlan,95.45,10
driverlog,SGPlan,85,9
gripper,SGPlan,100,10
logistics,SGPlan,96.43,10
mystery,SGPlan,53.33,5
pathways,SGPlan,100,10
pipesworld,SGPlan,66,7
satellite,SGPlan,83.33,8
tpp,SGPlan,100,10
blocksworld,SATPlan,97.14,10
depots,SATPlan,72.73,7
driverlog,SATPlan,80,8
gripper,SATPlan,20,2
logistics,SATPlan,96.43,10
mystery,SATPlan,56.67,6
pathways,SATPlan,30,3
pipesworld,SATPlan,24,2
satellite,SATPlan,30.55,3
tpp,SATPlan,80,8
blocksworld,MaxPlan,37.14,4
depots,MaxPlan,50,5
driverlog,MaxPlan,55,6
gripper,MaxPlan,15,2
logistics,MaxPlan,96.43,10
mystery,MaxPlan,50,5
pathways,MaxPlan,50,5
pipesworld,MaxPlan,16,2
satellite,MaxPlan,30,3
tpp,MaxPlan,50,5
