metrica,tecnica,marca_publicada,marca_reproduzida,confere
Número de Atores,Backward chaining,False,False,True
Número de Atores,Forward chaining,False,False,True
Número de Atores,Hierarchical,False,False,True
Número de Atores,Partial order,False,False,True
Número de Atores,Total order,False,False,True
Número de Casos de Uso,Backward chaining,False,False,True
Número de Casos de Uso,Forward chaining,False,False,True
Número de Casos de Uso,Hierarchical,False,False,True
Número de Casos de Uso,Partial order,False,False,True
Número de Casos de Uso,Total order,False,False,True
Número de Casos de Uso por Atores,Backward chaining,True,True,True
Número de Casos de Uso por Atores,Forward chaining,True,True,True
Número de Casos de Uso por Atores,Hierarchical,True,True,True
Número de Casos de Uso por Atores,Partial order,True,True,True
Número de Casos de Uso por Atores,Total order,True,True,True
Número total de Classes,Backward chaining,False,True,False
Número total de Classes,Forward chaining,False,False,True
Número total de Classes,Hierarchical,False,False,True
Número total de Classes,Partial order,True,True,True
Número total de Classes,Total order,False,False,True
Número total de Atributos,Backward chaining,False,True,False
Número total de Atributos,Forward chaining,True,True,True
Número total de Atributos,Hierarchical,True,True,True
Número total de Atributos,Partial order,True,True,True
Número total de Atributos,Total order,True,True,True
Número total de Métodos,Backward chaining,False,False,True
Número total de Métodos,Forward chaining,False,False,True
Número total de Métodos,Hierarchical,False,False,True
Número total de Métodos,Partial order,False,False,True
Número total de Métodos,Total order,False,False,True
Número total de Associações,Backward chaining,True,True,True
Número total de Associações,Forward chaining,False,False,True
Número total de Associações,Hierarchical,True,True,True
Número total de Associações,Partial order,False,False,True
Número total de Associações,Total order,False,False,True
Número total de Agregação,Backward chaining,False,True,False
Número total de Agregação,Forward chaining,True,True,True
Número total de Agregação,Hierarchical,False,False,True
Número total de Agregação,Partial order,True,True,True
Número total de Agregação,Total order,True,True,True
Número total de Generalização,Backward chaining,False,True,False
Número total de Generalização,Forward chaining,False,False,True
Número total de Generalização,Hierarchical,False,False,True
Número total de Generalização,Partial order,False,False,True
Número total de Generalização,Total order,False,False,True
Número total de Hierarquias,Backward chaining,True,True,True
Número total de Hierarquias,Forward chaining,False,False,True
Número total de Hierarquias,Hierarchical,False,False,True
Número total de Hierarquias,Partial order,False,False,True
Número total de Hierarquias,Total order,False,False,True
DIT Máximo,Backward chaining,True,True,True
DIT Máximo,Forward chaining,False,False,True
DIT Máximo,Hierarchical,False,False,True
DIT Máximo,Partial order,False,False,True
DIT Máximo,Total order,False,False,True
HAgg Máximo,Backward chaining,True,True,True
HAgg Máximo,Forward chaining,False,False,True
HAgg Máximo,Hierarchical,False,False,True
HAgg Máximo,Partial order,False,False,True
HAgg Máximo,Total order,False,False,True
Número total de estados,Backward chaining,False,True,False
Número total de estados,Forward chaining,False,False,True
Número total de estados,Hierarchical,False,True,False
Número total de estados,Partial order,False,False,True
Número total de estados,Total order,False,False,True
Número total de ações de entrada,Backward chaining,True,True,True
Número total de ações de entrada,Forward chaining,False,False,True
Número total de ações de entrada,Hierarchical,True,True,True
Número total de ações de entrada,Partial order,True,True,True
Número total de ações de entrada,Total order,False,False,True
Número total de ações de saída,Backward chaining,False,False,True
Número total de ações de saída,Forward chaining,False,False,True
Número total de ações de saída,Hierarchical,False,False,True
Número total de ações de saída,Partial order,False,False,True
Número total de ações de saída,Total order,False,False,True
Número total de ações,Backward chaining,False,False,True
Número total de ações,Forward chaining,False,False,True
Número total de ações,Hierarchical,False,False,True
Número total de ações,Partial order,False,False,True
Número total de ações,Total order,False,False,True
Número total de transições,Backward chaining,True,True,True
Número total de transições,Forward chaining,False,False,True
Número total de transições,Hierarchical,False,False,True
Número total de transições,Partial order,False,False,True
Número total de transições,Total order,True,True,True
Número de Atores,Plan Space,False,True,False
Número de Atores,State Space,False,False,True
Número de Atores,Graph based,False,True,False
Número de Atores,Heuristc search,False,False,True
Número de Atores,SAT based,True,True,True
Número de Atores,Knowledge based,False,False,True
Número de Casos de Uso,Plan Space,False,False,True
Número de Casos de Uso,State Space,False,False,True
Número de Casos de Uso,Graph based,False,False,True
Número de Casos de Uso,Heuristc search,False,False,True
Número de Casos de Uso,SAT based,True,True,True
Número de Casos de Uso,Knowledge based,False,False,True
Número de Casos de Uso por Atores,Plan Space,True,True,True
Número de Casos de Uso por Atores,State Space,True,True,True
Número de Casos de Uso por Atores,Graph based,True,True,True
Número de Casos de Uso por Atores,Heuristc search,True,True,True
Número de Casos de Uso por Atores,SAT based,True,True,True
Número de Casos de Uso por Atores,Knowledge based,False,False,True
Número total de Classes,Plan Space,False,False,True
Número total de Classes,State Space,False,False,True
Número total de Classes,Graph based,False,False,True
Número total de Classes,Heuristc search,False,False,True
Número total de Classes,SAT based,False,False,True
Número total de Classes,Knowledge based,False,False,True
Número total de Atributos,Plan Space,False,False,True
Número total de Atributos,State Space,True,True,True
Número total de Atributos,Graph based,True,True,True
Número total de Atributos,Heuristc search,True,True,True
Número total de Atributos,SAT based,True,True,True
Número total de Atributos,Knowledge based,False,False,True
Número total de Métodos,Plan Space,False,False,True
Número total de Métodos,State Space,False,False,True
Número total de Métodos,Graph based,False,False,True
Número total de Métodos,Heuristc search,False,False,True
Número total de Métodos,SAT based,True,True,True
Número total de Métodos,Knowledge based,False,False,True
Número total de Associações,Plan Space,False,False,True
Número total de Associações,State Space,True,True,True
Número total de Associações,Graph based,False,False,True
Número total de Associações,Heuristc search,True,True,True
Número total de Associações,SAT based,False,False,True
Número total de Associações,Knowledge based,True,True,True
Número total de Agregação,Plan Space,True,True,True
Número total de Agregação,State Space,True,True,True
Número total de Agregação,Graph based,True,True,True
Número total de Agregação,Heuristc search,False,False,True
Número total de Agregação,SAT based,True,True,True
Número total de Agregação,Knowledge based,True,True,True
Número total de Generalização,Plan Space,False,False,True
Número total de Generalização,State Space,False,False,True
Número total de Generalização,Graph based,False,False,True
Número total de Generalização,Heuristc search,False,False,True
Número total de Generalização,SAT based,False,False,True
Número total de Generalização,Knowledge based,False,False,True
Número total de Hierarquias,Plan Space,False,False,True
Número total de Hierarquias,State Space,False,False,True
Número total de Hierarquias,Graph based,False,False,True
Número total de Hierarquias,Heuristc search,False,False,True
Número total de Hierarquias,SAT based,False,False,True
Número total de Hierarquias,Knowledge based,False,False,True
DIT Máximo,Plan Space,False,False,True
DIT Máximo,State Space,False,False,True
DIT Máximo,Graph based,False,False,True
DIT Máximo,Heuristc search,False,False,True
DIT Máximo,SAT based,False,False,True
DIT Máximo,Knowledge based,False,False,True
HAgg Máximo,Plan Space,False,False,True
HAgg Máximo,State Space,True,True,True
HAgg Máximo,Graph based,False,False,True
HAgg Máximo,Heuristc search,False,False,True
HAgg Máximo,SAT based,True,True,True
HAgg Máximo,Knowledge based,False,False,True
Número total de estados,Plan Space,False,False,True
Número total de estados,State Space,True,True,True
Número total de estados,Graph based,False,False,True
Número total de estados,Heuristc search,True,True,True
Número total de estados,SAT based,False,False,True
Número total de estados,Knowledge based,True,True,True
Número total de ações de entrada,Plan Space,False,False,True
Número total de ações de entrada,State Space,True,True,True
Número total de ações de entrada,Graph based,False,False,True
Número total de ações de entrada,Heuristc search,True,True,True
Número total de ações de entrada,SAT based,False,False,True
Número total de ações de entrada,Knowledge based,True,True,True
Número total de ações de saída,Plan Space,False,False,True
Número total de ações de saída,State Space,False,False,True
Número total de ações de saída,Graph based,False,False,True
Número total de ações de saída,Heuristc search,False,False,True
Número total de ações de saída,SAT based,True,True,True
Número total de ações de saída,Knowledge based,False,False,True
Número total de ações,Plan Space,False,False,True
Número total de ações,State Space,False,False,True
Número total de ações,Graph based,False,False,True
Número total de ações,Heuristc search,False,False,True
Número total de ações,SAT based,True,True,True
Número total de ações,Knowledge based,False,False,True
Número total de transições,Plan Space,False,False,True
Número total de transições,State Space,False,False,True
Número total de transições,Graph based,False,False,True
Número total de transições,Heuristc search,True,True,True
Número total de transições,SAT based,False,False,True
Número total de transições,Knowledge based,True,True,True
