caracteristica,tecnica,n_pares,media,publicada,reproduzida_inteira,confere
Número de Atores Baixo,Backward-chaining,7,5.4286,5.0,5.0,True
Número de Atores Baixo,Forward-chaining,70,6.0429,6.0,6.0,True
Número de Atores Baixo,Graph-based,49,5.4286,5.0,5.0,True
Número de Atores Baixo,Heurist Search,28,7.9286,8.0,8.0,True
Número de Atores Baixo,Hierarchical,7,8.5714,9.0,9.0,True
Número de Atores Baixo,Knowledge-based,7,8.7143,9.0,9.0,True
Número de Atores Baixo,Partial-order,35,6.1429,6.0,6.0,True
Número de Atores Baixo,Plan-Space,28,6.3214,6.0,6.0,True
Número de Atores Baixo,SAT-based,21,3.9524,4.0,4.0,True
Número de Atores Baixo,State-Space,42,5.8571,6.0,6.0,True
Número de Atores Baixo,Total-order,35,5.9429,6.0,6.0,True
Número de Casos de Uso Médio,Backward-chaining,5,5.4,5.0,5.0,True
Número de Casos de Uso Médio,Forward-chaining,50,6.7,7.0,7.0,True
Número de Casos de Uso Médio,Graph-based,35,6.0571,6.0,6.0,True
Número de Casos de Uso Médio,Heurist Search,20,8.7,9.0,9.0,True
Número de Casos de Uso Médio,Hierarchical,5,9.8,10.0,10.0,True
Número de Casos de Uso Médio,Knowledge-based,5,9.2,9.0,9.0,True
Número de Casos de Uso Médio,Partial-order,25,6.88,7.0,7.0,True
Número de Casos de Uso Médio,Plan-Space,20,7.25,7.0,7.0,True
Número de Casos de Uso Médio,SAT-based,15,4.6667,5.0,5.0,True
Número de Casos de Uso Médio,State-Space,30,6.3333,6.0,6.0,True
Número de Casos de Uso Médio,Total-order,25,6.52,7.0,7.0,True
Número de Casos de Uso por Atores Médio,Backward-chaining,8,6.375,6.0,6.0,True
Número de Casos de Uso por Atores Médio,Forward-chaining,80,6.9625,7.0,7.0,True
Número de Casos de Uso por Atores Médio,Graph-based,56,6.4107,6.0,6.0,True
Número de Casos de Uso por Atores Médio,Heurist Search,32,8.5938,9.0,9.0,True
Número de Casos de Uso por Atores Médio,Hierarchical,8,9.5,10.0,10.0,True
Número de Casos de Uso por Atores Médio,Knowledge-based,8,9,9.0,9.0,True
Número de Casos de Uso por Atores Médio,Partial-order,40,7.05,7.0,7.0,True
Número de Casos de Uso por Atores Médio,Plan-Space,32,7.2188,7.0,7.0,True
Número de Casos de Uso por Atores Médio,SAT-based,24,5.3333,5.0,5.0,True
Número de Casos de Uso por Atores Médio,State-Space,48,6.7917,7.0,7.0,True
Número de Casos de Uso por Atores Médio,Total-order,40,6.875,7.0,7.0,True
Número total de Classes Baixo,Backward-chaining,1,10,10.0,10.0,True
Número total de Classes Baixo,Forward-chaining,10,7.6,8.0,8.0,True
Número total de Classes Baixo,Graph-based,7,6.7143,7.0,7.0,True
Número total de Classes Baixo,Heurist Search,4,9.25,9.0,9.0,True
Número total de Classes Baixo,Hierarchical,1,10,10.0,10.0,True
Número total de Classes Baixo,Knowledge-based,1,10,10.0,10.0,True
Número total de Classes Baixo,Partial-order,5,8.6,9.0,9.0,True
Número total de Classes Baixo,Plan-Space,4,8.25,8.0,8.0,True
Número total de Classes Baixo,SAT-based,3,5.6667,6.0,6.0,True
Número total de Classes Baixo,State-Space,6,7.1667,7.0,7.0,True
Número total de Classes Baixo,Total-order,5,6.6,7.0,7.0,True
Número total de Atributos Médio,Backward-chaining,8,5.125,5.0,5.0,True
Número total de Atributos Médio,Forward-chaining,80,6.925,7.0,7.0,True
Número total de Atributos Médio,Graph-based,56,6.5536,7.0,7.0,True
Número total de Atributos Médio,Heurist Search,32,8.5312,9.0,9.0,True
Número total de Atributos Médio,Hierarchical,8,9.375,9.0,9.0,True
Número total de Atributos Médio,Knowledge-based,8,8.875,9.0,9.0,True
Número total de Atributos Médio,Partial-order,40,7,7.0,7.0,True
Número total de Atributos Médio,Plan-Space,32,7.4688,7.0,7.0,True
Número total de Atributos Médio,SAT-based,24,5.625,6.0,6.0,True
Número total de Atributos Médio,State-Space,48,6.5625,7.0,7.0,True
Número total de Atributos Médio,Total-order,40,6.85,7.0,7.0,True
Número total de Métodos Médio,Backward-chaining,5,5.4,5.0,5.0,True
Número total de Métodos Médio,Forward-chaining,50,6.7,7.0,7.0,True
Número total de Métodos Médio,Graph-based,35,6.0571,6.0,6.0,True
Número total de Métodos Médio,Heurist Search,20,8.7,9.0,9.0,True
Número total de Métodos Médio,Hierarchical,5,9.8,10.0,10.0,True
Número total de Métodos Médio,Knowledge-based,5,9.2,9.0,9.0,True
Número total de Métodos Médio,Partial-order,25,6.88,7.0,7.0,True
Número total de Métodos Médio,Plan-Space,20,7.25,7.0,7.0,True
Número total de Métodos Médio,SAT-based,15,4.6667,5.0,5.0,True
Número total de Métodos Médio,State-Space,30,6.3333,6.0,6.0,True
Número total de Métodos Médio,Total-order,25,6.52,7.0,7.0,True
Número total de Associações Baixo,Backward-chaining,4,6.75,7.0,7.0,True
Número total de Associações Baixo,Forward-chaining,40,6.85,7.0,7.0,True
Número total de Associações Baixo,Graph-based,28,6.0357,6.0,6.0,True
Número total de Associações Baixo,Heurist Search,16,9,9.0,9.0,True
Número total de Associações Baixo,Hierarchical,4,9.75,10.0,10.0,True
Número total de Associações Baixo,Knowledge-based,4,9.75,10.0,10.0,True
Número total de Associações Baixo,Partial-order,20,7.2,7.0,7.0,True
Número total de Associações Baixo,Plan-Space,16,7.3125,7.0,7.0,True
Número total de Associações Baixo,SAT-based,12,4.1667,4.0,4.0,True
Número total de Associações Baixo,State-Space,24,6.5417,7.0,7.0,True
Número total de Associações Baixo,Total-order,20,6.5,7.0,7.0,True
Número total de Agregação Médio,Backward-chaining,8,5.125,5.0,5.0,True
Número total de Agregação Médio,Forward-chaining,80,6.4125,7.0,6.0,False
Número total de Agregação Médio,Graph-based,56,5.9821,6.0,6.0,True
Número total de Agregação Médio,Heurist Search,32,8.3438,8.0,8.0,True
Número total de Agregação Médio,Hierarchical,8,8.625,9.0,9.0,True
Número total de Agregação Médio,Knowledge-based,8,9.125,9.0,9.0,True
Número total de Agregação Médio,Partial-order,40,6.35,6.0,6.0,True
Número total de Agregação Médio,Plan-Space,32,6.6562,7.0,7.0,True
Número total de Agregação Médio,SAT-based,24,4.4167,4.0,4.0,True
Número total de Agregação Médio,State-Space,48,6.25,6.0,6.0,True
Número total de Agregação Médio,Total-order,40,6.475,6.0,6.0,True
Número total de Generalização Baixo,Backward-chaining,4,7.5,8.0,8.0,True
Número total de Generalização Baixo,Forward-chaining,40,6.5,7.0,7.0,True
Número total de Generalização Baixo,Graph-based,28,5.7857,6.0,6.0,True
Número total de Generalização Baixo,Heurist Search,16,8.8125,9.0,9.0,True
Número total de Generalização Baixo,Hierarchical,4,8.5,9.0,9.0,True
Número total de Generalização Baixo,Knowledge-based,4,9.75,10.0,10.0,True
Número total de Generalização Baixo,Partial-order,20,6.45,6.0,6.0,True
Número total de Generalização Baixo,Plan-Space,16,6.1875,6.0,6.0,True
Número total de Generalização Baixo,SAT-based,12,3.5833,4.0,4.0,True
Número total de Generalização Baixo,State-Space,24,6.7083,7.0,7.0,True
Número total de Generalização Baixo,Total-order,20,6.55,7.0,7.0,True
Número total de Hierarquias Baixo,Backward-chaining,4,7.5,8.0,8.0,True
Número total de Hierarquias Baixo,Forward-chaining,40,6.5,7.0,7.0,True
Número total de Hierarquias Baixo,Graph-based,28,5.7857,6.0,6.0,True
Número total de Hierarquias Baixo,Heurist Search,16,8.8125,9.0,9.0,True
Número total de Hierarquias Baixo,Hierarchical,4,8.5,9.0,9.0,True
Número total de Hierarquias Baixo,Knowledge-based,4,9.75,10.0,10.0,True
Número total de Hierarquias Baixo,Partial-order,20,6.45,6.0,6.0,True
Número total de Hierarquias Baixo,Plan-Space,16,6.1875,6.0,6.0,True
Número total de Hierarquias Baixo,SAT-based,12,3.5833,4.0,4.0,True
Número total de Hierarquias Baixo,State-Space,24,6.7083,7.0,7.0,True
Número total de Hierarquias Baixo,Total-order,20,6.55,7.0,7.0,True
DIT Máximo Baixo,Backward-chaining,4,7.5,8.0,8.0,True
DIT Máximo Baixo,Forward-chaining,40,6.5,7.0,7.0,True
DIT Máximo Baixo,Graph-based,28,5.7857,6.0,6.0,True
DIT Máximo Baixo,Heurist Search,16,8.8125,9.0,9.0,True
DIT Máximo Baixo,Hierarchical,4,8.5,9.0,9.0,True
DIT Máximo Baixo,Knowledge-based,4,9.75,10.0,10.0,True
DIT Máximo Baixo,Partial-order,20,6.45,6.0,6.0,True
DIT Máximo Baixo,Plan-Space,16,6.1875,6.0,6.0,True
DIT Máximo Baixo,SAT-based,12,3.5833,4.0,4.0,True
DIT Máximo Baixo,State-Space,24,6.7083,7.0,7.0,True
DIT Máximo Baixo,Total-order,20,6.55,7.0,7.0,True
HAgg Máximo Alto,Backward-chaining,4,9.25,9.0,9.0,True
HAgg Máximo Alto,Forward-chaining,40,7.875,8.0,8.0,True
HAgg Máximo Alto,Graph-based,28,7.1786,7.0,7.0,True
HAgg Máximo Alto,Heurist Search,16,9.125,9.0,9.0,True
HAgg Máximo Alto,Hierarchical,4,10,10.0,10.0,True
HAgg Máximo Alto,Knowledge-based,4,10,10.0,10.0,True
HAgg Máximo Alto,Partial-order,20,8.1,8.0,8.0,True
HAgg Máximo Alto,Plan-Space,16,7.8125,8.0,8.0,True
HAgg Máximo Alto,SAT-based,12,6.5833,7.0,7.0,True
HAgg Máximo Alto,State-Space,24,7.9167,8.0,8.0,True
HAgg Máximo Alto,Total-order,20,7.65,8.0,8.0,True
Número total de estados Médio,Backward-chaining,8,6.25,6.0,6.0,True
Número total de estados Médio,Forward-chaining,80,6.85,7.0,7.0,True
Número total de estados Médio,Graph-based,56,6.2679,6.0,6.0,True
Número total de estados Médio,Heurist Search,32,8.6562,9.0,9.0,True
Número total de estados Médio,Hierarchical,8,9.25,9.0,9.0,True
Número total de estados Médio,Knowledge-based,8,9.5,10.0,10.0,True
Número total de estados Médio,Partial-order,40,6.925,7.0,7.0,True
Número total de estados Médio,Plan-Space,32,7.0938,7.0,7.0,True
Número total de estados Médio,SAT-based,24,4.9167,5.0,5.0,True
Número total de estados Médio,State-Space,48,6.6875,7.0,7.0,True
Número total de estados Médio,Total-order,40,6.775,7.0,7.0,True
Número total de ações de entrada Alto,Backward-chaining,2,5,5.0,5.0,True
Número total de ações de entrada Alto,Forward-chaining,20,7.05,7.0,7.0,True
Número total de ações de entrada Alto,Graph-based,14,6.6429,7.0,7.0,True
Número total de ações de entrada Alto,Heurist Search,8,9.375,9.0,9.0,True
Número total de ações de entrada Alto,Hierarchical,2,9.5,10.0,10.0,True
Número total de ações de entrada Alto,Knowledge-based,2,9.5,10.0,10.0,True
Número total de ações de entrada Alto,Partial-order,10,7.5,8.0,8.0,True
Número total de ações de entrada Alto,Plan-Space,8,8.125,8.0,8.0,True
Número total de ações de entrada Alto,SAT-based,6,4.8333,5.0,5.0,True
Número total de ações de entrada Alto,State-Space,12,6.3333,6.0,6.0,True
Número total de ações de entrada Alto,Total-order,10,6.6,7.0,7.0,True
Número total de ações de saída Alto,Backward-chaining,2,5,5.0,5.0,True
Número total de ações de saída Alto,Forward-chaining,20,7.05,7.0,7.0,True
Número total de ações de saída Alto,Graph-based,14,6.6429,7.0,7.0,True
Número total de ações de saída Alto,Heurist Search,8,9.375,9.0,9.0,True
Número total de ações de saída Alto,Hierarchical,2,9.5,10.0,10.0,True
Número total de ações de saída Alto,Knowledge-based,2,9.5,10.0,10.0,True
Número total de ações de saída Alto,Partial-order,10,7.5,8.0,8.0,True
Número total de ações de saída Alto,Plan-Space,8,8.125,8.0,8.0,True
Número total de ações de saída Alto,SAT-based,6,4.8333,5.0,5.0,True
Número total de ações de saída Alto,State-Space,12,6.3333,6.0,6.0,True
Número total de ações de saída Alto,Total-order,10,6.6,7.0,7.0,True
Número total de ações Médio,Backward-chaining,5,5.4,5.0,5.0,True
Número total de ações Médio,Forward-chaining,50,6.7,7.0,7.0,True
Número total de ações Médio,Graph-based,35,6.0571,6.0,6.0,True
Número total de ações Médio,Heurist Search,20,8.7,9.0,9.0,True
Número total de ações Médio,Hierarchical,5,9.8,10.0,10.0,True
Número total de ações Médio,Knowledge-based,5,9.2,9.0,9.0,True
Número total de ações Médio,Partial-order,25,6.88,7.0,7.0,True
Número total de ações Médio,Plan-Space,20,7.25,7.0,7.0,True
Número total de ações Médio,SAT-based,15,4.6667,5.0,5.0,True
Número total de ações Médio,State-Space,30,6.3333,6.0,6.0,True
Número total de ações Médio,Total-order,25,6.52,7.0,7.0,True
Número total de transições Médio,Backward-chaining,5,6.6,7.0,7.0,True
Número total de transições Médio,Forward-chaining,50,7.08,7.0,7.0,True
Número total de transições Médio,Graph-based,35,6.6286,7.0,7.0,True
Número total de transições Médio,Heurist Search,20,8.9,9.0,9.0,True
Número total de transições Médio,Hierarchical,5,8.8,9.0,9.0,True
Número total de transições Médio,Knowledge-based,5,9.8,10.0,10.0,True
Número total de transições Médio,Partial-order,25,7.2,7.0,7.0,True
Número total de transições Médio,Plan-Space,20,7.35,7.0,7.0,True
Número total de transições Médio,SAT-based,15,5.1333,5.0,5.0,True
Número total de transições Médio,State-Space,30,6.9,7.0,7.0,True
Número total de transições Médio,Total-order,25,6.96,7.0,7.0,True
Número de Atores Alto,Backward-chaining,3,4.3333,4.0,4.0,True
Número de Atores Alto,Forward-chaining,30,7.9,8.0,8.0,True
Número de Atores Alto,Graph-based,21,7.9048,8.0,8.0,True
Número de Atores Alto,Heurist Search,12,9.5833,10.0,10.0,True
Número de Atores Alto,Hierarchical,3,9.6667,10.0,10.0,True
Número de Atores Alto,Knowledge-based,3,9.6667,10.0,10.0,True
Número de Atores Alto,Partial-order,15,7.8,8.0,8.0,True
Número de Atores Alto,Plan-Space,12,8.6667,9.0,9.0,True
Número de Atores Alto,SAT-based,9,6.8889,7.0,7.0,True
Número de Atores Alto,State-Space,18,7.3889,7.0,7.0,True
Número de Atores Alto,Total-order,15,8,8.0,8.0,True
Número de Casos de Uso por Atores Alto,Backward-chaining,1,0,0.0,0.0,True
Número de Casos de Uso por Atores Alto,Forward-chaining,10,6.5,7.0,7.0,True
Número de Casos de Uso por Atores Alto,Graph-based,7,6.5714,7.0,7.0,True
Número de Casos de Uso por Atores Alto,Heurist Search,4,9.5,10.0,10.0,True
Número de Casos de Uso por Atores Alto,Hierarchical,1,9,9.0,9.0,True
Número de Casos de Uso por Atores Alto,Knowledge-based,1,9,9.0,9.0,True
Número de Casos de Uso por Atores Alto,Partial-order,5,6.4,6.0,6.0,True
Número de Casos de Uso por Atores Alto,Plan-Space,4,8,8.0,8.0,True
Número de Casos de Uso por Atores Alto,SAT-based,3,4,4.0,4.0,True
Número de Casos de Uso por Atores Alto,State-Space,6,5.5,6.0,6.0,True
Número de Casos de Uso por Atores Alto,Total-order,5,6.6,7.0,7.0,True
Número total de Classes Alto,Backward-chaining,1,0,0.0,0.0,True
Número total de Classes Alto,Forward-chaining,10,6.5,7.0,7.0,True
Número total de Classes Alto,Graph-based,7,6.5714,7.0,7.0,True
Número total de Classes Alto,Heurist Search,4,9.5,10.0,10.0,True
Número total de Classes Alto,Hierarchical,1,9,9.0,9.0,True
Número total de Classes Alto,Knowledge-based,1,9,9.0,9.0,True
Número total de Classes Alto,Partial-order,5,6.4,6.0,6.0,True
Número total de Classes Alto,Plan-Space,4,8,8.0,8.0,True
Número total de Classes Alto,SAT-based,3,4,4.0,4.0,True
Número total de Classes Alto,State-Space,6,5.5,6.0,6.0,True
Número total de Classes Alto,Total-order,5,6.6,7.0,7.0,True
Número total de Generalização Alto,Backward-chaining,1,0,0.0,0.0,True
Número total de Generalização Alto,Forward-chaining,10,6.5,7.0,7.0,True
Número total de Generalização Alto,Graph-based,7,6.5714,7.0,7.0,True
Número total de Generalização Alto,Heurist Search,4,9.5,10.0,10.0,True
Número total de Generalização Alto,Hierarchical,1,9,9.0,9.0,True
Número total de Generalização Alto,Knowledge-based,1,9,9.0,9.0,True
Número total de Generalização Alto,Partial-order,5,6.4,6.0,6.0,True
Número total de Generalização Alto,Plan-Space,4,8,8.0,8.0,True
Número total de Generalização Alto,SAT-based,3,4,4.0,4.0,True
Número total de Generalização Alto,State-Space,6,5.5,6.0,6.0,True
Número total de Generalização Alto,Total-order,5,6.6,7.0,7.0,True
Número total de Hierarquias Alto,Backward-chaining,1,0,0.0,0.0,True
Número total de Hierarquias Alto,Forward-chaining,10,6.5,7.0,7.0,True
Número total de Hierarquias Alto,Graph-based,7,6.5714,7.0,7.0,True
Número total de Hierarquias Alto,Heurist Search,4,9.5,10.0,10.0,True
Número total de Hierarquias Alto,Hierarchical,1,9,9.0,9.0,True
Número total de Hierarquias Alto,Knowledge-based,1,9,9.0,9.0,True
Número total de Hierarquias Alto,Partial-order,5,6.4,6.0,6.0,True
Número total de Hierarquias Alto,Plan-Space,4,8,8.0,8.0,True
Número total de Hierarquias Alto,SAT-based,3,4,4.0,4.0,True
Número total de Hierarquias Alto,State-Space,6,5.5,6.0,6.0,True
Número total de Hierarquias Alto,Total-order,5,6.6,7.0,7.0,True
DIT Máximo Alto,Backward-chaining,1,0,0.0,0.0,True
DIT Máximo Alto,Forward-chaining,10,6.5,7.0,7.0,True
DIT Máximo Alto,Graph-based,7,6.5714,7.0,7.0,True
DIT Máximo Alto,Heurist Search,4,9.5,10.0,10.0,True
DIT Máximo Alto,Hierarchical,1,9,9.0,9.0,True
DIT Máximo Alto,Knowledge-based,1,9,9.0,9.0,True
DIT Máximo Alto,Partial-order,5,6.4,6.0,6.0,True
DIT Máximo Alto,Plan-Space,4,8,8.0,8.0,True
DIT Máximo Alto,SAT-based,3,4,4.0,4.0,True
DIT Máximo Alto,State-Space,6,5.5,6.0,6.0,True
DIT Máximo Alto,Total-order,5,6.6,7.0,7.0,True
HAgg Máximo Baixo,Backward-chaining,6,2.3333,2.0,2.0,True
HAgg Máximo Baixo,Forward-chaining,60,5.75,6.0,6.0,True
HAgg Máximo Baixo,Graph-based,42,5.5,6.0,6.0,True
HAgg Máximo Baixo,Heurist Search,24,7.9583,8.0,8.0,True
HAgg Máximo Baixo,Hierarchical,6,8.1667,8.0,8.0,True
HAgg Máximo Baixo,Knowledge-based,6,8.3333,8.0,8.0,True
HAgg Máximo Baixo,Partial-order,30,5.6667,6.0,6.0,True
HAgg Máximo Baixo,Plan-Space,24,6.5,7.0,7.0,True
HAgg Máximo Baixo,SAT-based,18,3.6667,4.0,4.0,True
HAgg Máximo Baixo,State-Space,36,5.25,5.0,5.0,True
HAgg Máximo Baixo,Total-order,30,5.8333,6.0,6.0,True
Número total de estados Alto,Backward-chaining,1,0,0.0,0.0,True
Número total de estados Alto,Forward-chaining,10,6.5,7.0,7.0,True
Número total de estados Alto,Graph-based,7,6.5714,7.0,7.0,True
Número total de estados Alto,Heurist Search,4,9.5,10.0,10.0,True
Número total de estados Alto,Hierarchical,1,9,9.0,9.0,True
Número total de estados Alto,Knowledge-based,1,9,9.0,9.0,True
Número total de estados Alto,Partial-order,5,6.4,6.0,6.0,True
Número total de estados Alto,Plan-Space,4,8,8.0,8.0,True
Número total de estados Alto,SAT-based,3,4,4.0,4.0,True
Número total de estados Alto,State-Space,6,5.5,6.0,6.0,True
Número total de estados Alto,Total-order,5,6.6,7.0,7.0,True
Número total de transições Alto,Backward-chaining,2,5,5.0,5.0,True
Número total de transições Alto,Forward-chaining,20,7.15,7.0,7.0,True
Número total de transições Alto,Graph-based,14,6.8571,7.0,7.0,True
Número total de transições Alto,Heurist Search,8,9.75,10.0,10.0,True
Número total de transições Alto,Hierarchical,2,9.5,10.0,10.0,True
Número total de transições Alto,Knowledge-based,2,9.5,10.0,10.0,True
Número total de transições Alto,Partial-order,10,6.6,7.0,7.0,True
Número total de transições Alto,Plan-Space,8,7,7.0,7.0,True
Número total de transições Alto,SAT-based,6,4.6667,5.0,5.0,True
Número total de transições Alto,State-Space,12,7.25,7.0,7.0,True
Número total de transições Alto,Total-order,10,7.7,8.0,8.0,True
Número de Casos de Uso Alto,Backward-chaining,3,4.3333,4.0,4.0,True
Número de Casos de Uso Alto,Forward-chaining,30,7,7.0,7.0,True
Número de Casos de Uso Alto,Graph-based,21,7,7.0,7.0,True
Número de Casos de Uso Alto,Heurist Search,12,8.4167,8.0,8.0,True
Número de Casos de Uso Alto,Hierarchical,3,8,8.0,8.0,True
Número de Casos de Uso Alto,Knowledge-based,3,9.6667,10.0,10.0,True
Número de Casos de Uso Alto,Partial-order,15,6.8667,7.0,7.0,True
Número de Casos de Uso Alto,Plan-Space,12,7.5,8.0,8.0,True
Número de Casos de Uso Alto,SAT-based,9,6.1111,6.0,6.0,True
Número de Casos de Uso Alto,State-Space,18,6.6667,7.0,7.0,True
Número de Casos de Uso Alto,Total-order,15,7.1333,7.0,7.0,True
Número total de Classes Médio,Backward-chaining,8,5.125,5.0,5.0,True
Número total de Classes Médio,Forward-chaining,80,6.4875,7.0,6.0,False
Número total de Classes Médio,Graph-based,56,6.0536,6.0,6.0,True
Número total de Classes Médio,Heurist Search,32,8.1875,8.0,8.0,True
Número total de Classes Médio,Hierarchical,8,8.75,9.0,9.0,True
Número total de Classes Médio,Knowledge-based,8,8.875,9.0,9.0,True
Número total de Classes Médio,Partial-order,40,6.425,6.0,6.0,True
Número total de Classes Médio,Plan-Space,32,6.75,7.0,7.0,True
Número total de Classes Médio,SAT-based,24,4.8333,5.0,5.0,True
Número total de Classes Médio,State-Space,48,6.3125,6.0,6.0,True
Número total de Classes Médio,Total-order,40,6.55,7.0,7.0,True
Número total de Métodos Alto,Backward-chaining,3,4.3333,4.0,4.0,True
Número total de Métodos Alto,Forward-chaining,30,7,7.0,7.0,True
Número total de Métodos Alto,Graph-based,21,7,7.0,7.0,True
Número total de Métodos Alto,Heurist Search,12,8.4167,8.0,8.0,True
Número total de Métodos Alto,Hierarchical,3,8,8.0,8.0,True
Número total de Métodos Alto,Knowledge-based,3,9.6667,10.0,10.0,True
Número total de Métodos Alto,Partial-order,15,6.8667,7.0,7.0,True
Número total de Métodos Alto,Plan-Space,12,7.5,8.0,8.0,True
Número total de Métodos Alto,SAT-based,9,6.1111,6.0,6.0,True
Número total de Métodos Alto,State-Space,18,6.6667,7.0,7.0,True
Número total de Métodos Alto,Total-order,15,7.1333,7.0,7.0,True
Número total de Associações Médio,Backward-chaining,5,4.6,5.0,5.0,True
Número total de Associações Médio,Forward-chaining,50,6.78,7.0,7.0,True
Número total de Associações Médio,Graph-based,35,6.5143,7.0,7.0,True
Número total de Associações Médio,Heurist Search,20,8.55,9.0,9.0,True
Número total de Associações Médio,Hierarchical,5,8.8,9.0,9.0,True
Número total de Associações Médio,Knowledge-based,5,9.2,9.0,9.0,True
Número total de Associações Médio,Partial-order,25,6.6,7.0,7.0,True
Número total de Associações Médio,Plan-Space,20,7.1,7.0,7.0,True
Número total de Associações Médio,SAT-based,15,5.3333,5.0,5.0,True
Número total de Associações Médio,State-Space,30,6.5667,7.0,7.0,True
Número total de Associações Médio,Total-order,25,6.96,7.0,7.0,True
Número total de Generalização Médio,Backward-chaining,5,4.2,4.0,4.0,True
Número total de Generalização Médio,Forward-chaining,50,6.7,7.0,7.0,True
Número total de Generalização Médio,Graph-based,35,6.4,6.0,6.0,True
Número total de Generalização Médio,Heurist Search,20,7.9,8.0,8.0,True
Número total de Generalização Médio,Hierarchical,5,9.2,9.0,9.0,True
Número total de Generalização Médio,Knowledge-based,5,8.4,8.0,8.0,True
Número total de Generalização Médio,Partial-order,25,6.84,7.0,7.0,True
Número total de Generalização Médio,Plan-Space,20,7.5,8.0,8.0,True
Número total de Generalização Médio,SAT-based,15,6,6.0,6.0,True
Número total de Generalização Médio,State-Space,30,6.1667,6.0,6.0,True
Número total de Generalização Médio,Total-order,25,6.56,7.0,7.0,True
Número total de Hierarquias Médio,Backward-chaining,5,4.2,4.0,4.0,True
Número total de Hierarquias Médio,Forward-chaining,50,6.7,7.0,7.0,True
Número total de Hierarquias Médio,Graph-based,35,6.4,6.0,6.0,True
Número total de Hierarquias Médio,Heurist Search,20,7.9,8.0,8.0,True
Número total de Hierarquias Médio,Hierarchical,5,9.2,9.0,9.0,True
Número total de Hierarquias Médio,Knowledge-based,5,8.4,8.0,8.0,True
Número total de Hierarquias Médio,Partial-order,25,6.84,7.0,7.0,True
Número total de Hierarquias Médio,Plan-Space,20,7.5,8.0,8.0,True
Número total de Hierarquias Médio,SAT-based,15,6,6.0,6.0,True
Número total de Hierarquias Médio,State-Space,30,6.1667,6.0,6.0,True
Número total de Hierarquias Médio,Total-order,25,6.56,7.0,7.0,True
DIT Máximo Médio,Backward-chaining,5,4.2,4.0,4.0,True
DIT Máximo Médio,Forward-chaining,50,6.7,7.0,7.0,True
DIT Máximo Médio,Graph-based,35,6.4,6.0,6.0,True
DIT Máximo Médio,Heurist Search,20,7.9,8.0,8.0,True
DIT Máximo Médio,Hierarchical,5,9.2,9.0,9.0,True
DIT Máximo Médio,Knowledge-based,5,8.4,8.0,8.0,True
DIT Máximo Médio,Partial-order,25,6.84,7.0,7.0,True
DIT Máximo Médio,Plan-Space,20,7.5,8.0,8.0,True
DIT Máximo Médio,SAT-based,15,6,6.0,6.0,True
DIT Máximo Médio,State-Space,30,6.1667,6.0,6.0,True
DIT Máximo Médio,Total-order,25,6.56,7.0,7.0,True
Número total de ações de entrada Médio,Backward-chaining,7,5.7143,6.0,6.0,True
Número total de ações de entrada Médio,Forward-chaining,70,6.7429,7.0,7.0,True
Número total de ações de entrada Médio,Graph-based,49,6.2041,6.0,6.0,True
Número total de ações de entrada Médio,Heurist Search,28,8.5714,9.0,9.0,True
Número total de ações de entrada Médio,Hierarchical,7,9.1429,9.0,9.0,True
Número total de ações de entrada Médio,Knowledge-based,7,9.4286,9.0,9.0,True
Número total de ações de entrada Médio,Partial-order,35,6.6857,7.0,7.0,True
Número total de ações de entrada Médio,Plan-Space,28,6.9286,7.0,7.0,True
Número total de ações de entrada Médio,SAT-based,21,4.8095,5.0,5.0,True
Número total de ações de entrada Médio,State-Space,42,6.619,7.0,7.0,True
Número total de ações de entrada Médio,Total-order,35,6.8,7.0,7.0,True
Número total de ações de saída Médio,Backward-chaining,6,5,5.0,5.0,True
Número total de ações de saída Médio,Forward-chaining,60,6.2667,7.0,6.0,False
Número total de ações de saída Médio,Graph-based,42,5.6667,6.0,6.0,True
Número total de ações de saída Médio,Heurist Search,24,8.3333,8.0,8.0,True
Número total de ações de saída Médio,Hierarchical,6,9,9.0,9.0,True
Número total de ações de saída Médio,Knowledge-based,6,9.3333,9.0,9.0,True
Número total de ações de saída Médio,Partial-order,30,6.1333,6.0,6.0,True
Número total de ações de saída Médio,Plan-Space,24,6.4167,6.0,6.0,True
Número total de ações de saída Médio,SAT-based,18,3.9444,4.0,4.0,True
Número total de ações de saída Médio,State-Space,36,6.1667,6.0,6.0,True
Número total de ações de saída Médio,Total-order,30,6.4,6.0,6.0,True
Número total de ações Alto,Backward-chaining,3,4.3333,4.0,4.0,True
Número total de ações Alto,Forward-chaining,30,7,7.0,7.0,True
Número total de ações Alto,Graph-based,21,7,7.0,7.0,True
Número total de ações Alto,Heurist Search,12,8.4167,8.0,8.0,True
Número total de ações Alto,Hierarchical,3,8,8.0,8.0,True
Número total de ações Alto,Knowledge-based,3,9.6667,10.0,10.0,True
Número total de ações Alto,Partial-order,15,6.8667,7.0,7.0,True
Número total de ações Alto,Plan-Space,12,7.5,8.0,8.0,True
Número total de ações Alto,SAT-based,9,6.1111,6.0,6.0,True
Número total de ações Alto,State-Space,18,6.6667,7.0,7.0,True
Número total de ações Alto,Total-order,15,7.1333,7.0,7.0,True
Número de Casos de Uso Baixo,Backward-chaining,2,5.5,6.0,6.0,True
Número de Casos de Uso Baixo,Forward-chaining,20,5.75,6.0,6.0,True
Número de Casos de Uso Baixo,Graph-based,14,5.2143,5.0,5.0,True
Número de Casos de Uso Baixo,Heurist Search,8,7.75,8.0,8.0,True
Número de Casos de Uso Baixo,Hierarchical,2,8,8.0,8.0,True
Número de Casos de Uso Baixo,Knowledge-based,2,7.5,8.0,8.0,True
Número de Casos de Uso Baixo,Partial-order,10,5.7,6.0,6.0,True
Número de Casos de Uso Baixo,Plan-Space,8,5.75,6.0,6.0,True
Número de Casos de Uso Baixo,SAT-based,6,3.3333,3.0,3.0,True
Número de Casos de Uso Baixo,State-Space,12,5.75,6.0,6.0,True
Número de Casos de Uso Baixo,Total-order,10,5.8,6.0,6.0,True
Número total de Atributos Baixo,Backward-chaining,1,10,10.0,10.0,True
Número total de Atributos Baixo,Forward-chaining,10,6.8,7.0,7.0,True
Número total de Atributos Baixo,Graph-based,7,5.4286,5.0,5.0,True
Número total de Atributos Baixo,Heurist Search,4,10,10.0,10.0,True
Número total de Atributos Baixo,Hierarchical,1,10,10.0,10.0,True
Número total de Atributos Baixo,Knowledge-based,1,10,10.0,10.0,True
Número total de Atributos Baixo,Partial-order,5,6.8,7.0,7.0,True
Número total de Atributos Baixo,Plan-Space,4,6,6.0,6.0,True
Número total de Atributos Baixo,SAT-based,3,1.6667,2.0,2.0,True
Número total de Atributos Baixo,State-Space,6,7.3333,7.0,7.0,True
Número total de Atributos Baixo,Total-order,5,6.8,7.0,7.0,True
Número total de Métodos Baixo,Backward-chaining,2,5.5,6.0,6.0,True
Número total de Métodos Baixo,Forward-chaining,20,5.75,6.0,6.0,True
Número total de Métodos Baixo,Graph-based,14,5.2143,5.0,5.0,True
Número total de Métodos Baixo,Heurist Search,8,7.75,8.0,8.0,True
Número total de Métodos Baixo,Hierarchical,2,8,8.0,8.0,True
Número total de Métodos Baixo,Knowledge-based,2,7.5,8.0,8.0,True
Número total de Métodos Baixo,Partial-order,10,5.7,6.0,6.0,True
Número total de Métodos Baixo,Plan-Space,8,5.75,6.0,6.0,True
Número total de Métodos Baixo,SAT-based,6,3.3333,3.0,3.0,True
Número total de Métodos Baixo,State-Space,12,5.75,6.0,6.0,True
Número total de Métodos Baixo,Total-order,10,5.8,6.0,6.0,True
Número total de ações Baixo,Backward-chaining,2,5.5,6.0,6.0,True
Número total de ações Baixo,Forward-chaining,20,5.75,6.0,6.0,True
Número total de ações Baixo,Graph-based,14,5.2143,5.0,5.0,True
Número total de ações Baixo,Heurist Search,8,7.75,8.0,8.0,True
Número total de ações Baixo,Hierarchical,2,8,8.0,8.0,True
Número total de ações Baixo,Knowledge-based,2,7.5,8.0,8.0,True
Número total de ações Baixo,Partial-order,10,5.7,6.0,6.0,True
Número total de ações Baixo,Plan-Space,8,5.75,6.0,6.0,True
Número total de ações Baixo,SAT-based,6,3.3333,3.0,3.0,True
Número total de ações Baixo,State-Space,12,5.75,6.0,6.0,True
Número total de ações Baixo,Total-order,10,5.8,6.0,6.0,True
Número total de Agregação Alto,Backward-chaining,1,10,10.0,10.0,True
Número total de Agregação Alto,Forward-chaining,10,9.6,10.0,10.0,True
Número total de Agregação Alto,Graph-based,7,9.4286,9.0,9.0,True
Número total de Agregação Alto,Heurist Search,4,10,10.0,10.0,True
Número total de Agregação Alto,Hierarchical,1,10,10.0,10.0,True
Número total de Agregação Alto,Knowledge-based,1,10,10.0,10.0,True
Número total de Agregação Alto,Partial-order,5,10,10.0,10.0,True
Número total de Agregação Alto,Plan-Space,4,10,10.0,10.0,True
Número total de Agregação Alto,SAT-based,3,10,10.0,10.0,True
Número total de Agregação Alto,State-Space,6,9.3333,9.0,9.0,True
Número total de Agregação Alto,Total-order,5,9.2,9.0,9.0,True
Número total de ações de saída Baixo,Backward-chaining,2,5.5,6.0,6.0,True
Número total de ações de saída Baixo,Forward-chaining,20,7.15,7.0,7.0,True
Número total de ações de saída Baixo,Graph-based,14,7.2143,7.0,7.0,True
Número total de ações de saída Baixo,Heurist Search,8,7.75,8.0,8.0,True
Número total de ações de saída Baixo,Hierarchical,2,8,8.0,8.0,True
Número total de ações de saída Baixo,Knowledge-based,2,7.5,8.0,8.0,True
Número total de ações de saída Baixo,Partial-order,10,7.3,7.0,7.0,True
Número total de ações de saída Baixo,Plan-Space,8,7.75,8.0,8.0,True
Número total de ações de saída Baixo,SAT-based,6,7.5,8.0,8.0,True
Número total de ações de saída Baixo,State-Space,12,6.75,7.0,7.0,True
Número total de ações de saída Baixo,Total-order,10,7,7.0,7.0,True
Número total de Associações Alto,Backward-chaining,1,1,1.0,1.0,True
Número total de Associações Alto,Forward-chaining,10,4.7,5.0,5.0,True
Número total de Associações Alto,Graph-based,7,5,5.0,5.0,True
Número total de Associações Alto,Heurist Search,4,5.5,6.0,6.0,True
Número total de Associações Alto,Hierarchical,1,6,6.0,6.0,True
Número total de Associações Alto,Knowledge-based,1,5,5.0,5.0,True
Número total de Associações Alto,Partial-order,5,4.6,5.0,5.0,True
Número total de Associações Alto,Plan-Space,4,5.5,6.0,6.0,True
Número total de Associações Alto,SAT-based,3,5,5.0,5.0,True
Número total de Associações Alto,State-Space,6,4.1667,4.0,4.0,True
Número total de Associações Alto,Total-order,5,4.8,5.0,5.0,True
Número total de estados Baixo,Backward-chaining,1,1,1.0,1.0,True
Número total de estados Baixo,Forward-chaining,10,4.7,5.0,5.0,True
Número total de estados Baixo,Graph-based,7,5,5.0,5.0,True
Número total de estados Baixo,Heurist Search,4,5.5,6.0,6.0,True
Número total de estados Baixo,Hierarchical,1,6,6.0,6.0,True
Número total de estados Baixo,Knowledge-based,1,5,5.0,5.0,True
Número total de estados Baixo,Partial-order,5,4.6,5.0,5.0,True
Número total de estados Baixo,Plan-Space,4,5.5,6.0,6.0,True
Número total de estados Baixo,SAT-based,3,5,5.0,5.0,True
Número total de estados Baixo,State-Space,6,4.1667,4.0,4.0,True
Número total de estados Baixo,Total-order,5,4.8,5.0,5.0,True
Número total de ações de entrada Baixo,Backward-chaining,1,1,1.0,1.0,True
Número total de ações de entrada Baixo,Forward-chaining,10,4.7,5.0,5.0,True
Número total de ações de entrada Baixo,Graph-based,7,5,5.0,5.0,True
Número total de ações de entrada Baixo,Heurist Search,4,5.5,6.0,6.0,True
Número total de ações de entrada Baixo,Hierarchical,1,6,6.0,6.0,True
Número total de ações de entrada Baixo,Knowledge-based,1,5,5.0,5.0,True
Número total de ações de entrada Baixo,Partial-order,5,4.6,5.0,5.0,True
Número total de ações de entrada Baixo,Plan-Space,4,5.5,6.0,6.0,True
Número total de ações de entrada Baixo,SAT-based,3,5,5.0,5.0,True
Número total de ações de entrada Baixo,State-Space,6,4.1667,4.0,4.0,True
Número total de ações de entrada Baixo,Total-order,5,4.8,5.0,5.0,True
Número total de transições Baixo,Backward-chaining,3,2.6667,3.0,3.0,True
Número total de transições Baixo,Forward-chaining,30,5.4333,6.0,5.0,False
Número total de transições Baixo,Graph-based,21,4.9524,5.0,5.0,True
Número total de transições Baixo,Heurist Search,12,6.75,7.0,7.0,True
Número total de transições Baixo,Hierarchical,3,8.6667,9.0,9.0,True
Número total de transições Baixo,Knowledge-based,3,7.3333,7.0,7.0,True
Número total de transições Baixo,Partial-order,15,5.7333,6.0,6.0,True
Número total de transições Baixo,Plan-Space,12,6.5,7.0,7.0,True
Número total de transições Baixo,SAT-based,9,4.4444,4.0,4.0,True
Número total de transições Baixo,State-Space,18,4.7222,5.0,5.0,True
Número total de transições Baixo,Total-order,15,5.1333,5.0,5.0,True
Número total de Agregação Baixo,Backward-chaining,1,0,0.0,0.0,True
Número total de Agregação Baixo,Forward-chaining,10,5.1,5.0,5.0,True
Número total de Agregação Baixo,Graph-based,7,4.4286,4.0,4.0,True
Número total de Agregação Baixo,Heurist Search,4,7.5,8.0,8.0,True
Número total de Agregação Baixo,Hierarchical,1,10,10.0,10.0,True
Número total de Agregação Baixo,Knowledge-based,1,7,7.0,7.0,True
Número total de Agregação Baixo,Partial-order,5,5.6,6.0,6.0,True
Número total de Agregação Baixo,Plan-Space,4,7,7.0,7.0,True
Número total de Agregação Baixo,SAT-based,3,3,3.0,3.0,True
Número total de Agregação Baixo,State-Space,6,3.8333,4.0,4.0,True
Número total de Agregação Baixo,Total-order,5,4.6,5.0,5.0,True
Número de Casos de Uso por Atores Baixo,Backward-chaining,1,0,0.0,0.0,True
Número de Casos de Uso por Atores Baixo,Forward-chaining,10,3.8,4.0,4.0,True
Número de Casos de Uso por Atores Baixo,Graph-based,7,3.8571,4.0,4.0,True
Número de Casos de Uso por Atores Baixo,Heurist Search,4,6,6.0,6.0,True
Número de Casos de Uso por Atores Baixo,Hierarchical,1,4,4.0,4.0,True
Número de Casos de Uso por Atores Baixo,Knowledge-based,1,9,9.0,9.0,True
Número de Casos de Uso por Atores Baixo,Partial-order,5,3.6,4.0,4.0,True
Número de Casos de Uso por Atores Baixo,Plan-Space,4,4.5,5.0,5.0,True
Número de Casos de Uso por Atores Baixo,SAT-based,3,1.6667,2.0,2.0,True
Número de Casos de Uso por Atores Baixo,State-Space,6,3.3333,3.0,3.0,True
Número de Casos de Uso por Atores Baixo,Total-order,5,4,4.0,4.0,True
Número total de Atributos Alto,Backward-chaining,1,0,0.0,0.0,True
Número total de Atributos Alto,Forward-chaining,10,3.8,4.0,4.0,True
Número total de Atributos Alto,Graph-based,7,3.8571,4.0,4.0,True
Número total de Atributos Alto,Heurist Search,4,6,6.0,6.0,True
Número total de Atributos Alto,Hierarchical,1,4,4.0,4.0,True
Número total de Atributos Alto,Knowledge-based,1,9,9.0,9.0,True
Número total de Atributos Alto,Partial-order,5,3.6,4.0,4.0,True
Número total de Atributos Alto,Plan-Space,4,4.5,5.0,5.0,True
Número total de Atributos Alto,SAT-based,3,1.6667,2.0,2.0,True
Número total de Atributos Alto,State-Space,6,3.3333,3.0,3.0,True
Número total de Atributos Alto,Total-order,5,4,4.0,4.0,True
